epoch,time,train/box_loss,train/cls_loss,train/dfl_loss,metrics/precision(B),metrics/recall(B),metrics/mAP50(B),metrics/mAP50-95(B),val/box_loss,val/cls_loss,val/dfl_loss,lr/pg0,lr/pg1,lr/pg2
1,31.2016,1.80763,3.43102,1.81045,0.61632,0.16089,0.11085,0.03981,2.31468,4.5867,2.46928,0.000545564,0.000545564,0.000545564
2,47.2908,1.93585,2.48998,1.94399,0.00165,0.04199,0.00072,0.00023,3.62144,inf,5.13062,0.00109941,0.00109941,0.00109941
3,62.738,1.98587,2.53948,1.99181,0.05528,0.51511,0.03089,0.01044,2.41605,54.738,3.23088,0.00165143,0.00165143,0.00165143
4,81.1547,2.01359,2.48381,1.99767,0.06634,0.06931,0.0334,0.01304,2.44632,12.5917,2.82724,0.00165875,0.00165875,0.00165875
5,99.4566,1.9422,2.41684,1.968,0.10921,0.3013,0.08681,0.03105,2.22148,5.41925,2.60786,0.001656,0.001656,0.001656
6,114.834,1.92739,2.32679,1.96237,0.21484,0.37628,0.19149,0.06788,2.17524,3.56611,2.43539,0.00165325,0.00165325,0.00165325
7,130.142,1.87115,2.25374,1.92494,0.21926,0.20288,0.09545,0.03715,2.28225,3.34362,2.43589,0.0016505,0.0016505,0.0016505
8,145.492,1.88406,2.17502,1.89743,0.1465,0.28397,0.10504,0.03627,2.24993,7.25796,2.39743,0.00164775,0.00164775,0.00164775
9,160.805,1.82641,2.19069,1.88241,0.28369,0.3333,0.2123,0.08661,2.05806,3.1304,2.23448,0.001645,0.001645,0.001645
10,176.259,1.79317,2.06595,1.8439,0.31918,0.26203,0.21064,0.07463,2.11667,2.66194,2.29838,0.00164225,0.00164225,0.00164225
11,191.639,1.80916,2.08388,1.8473,0.18114,0.36839,0.20601,0.0885,1.93627,2.96154,2.09654,0.00163949,0.00163949,0.00163949
12,206.925,1.75136,2.01864,1.82534,0.23853,0.35194,0.20619,0.07189,2.06487,2.79015,2.28735,0.00163674,0.00163674,0.00163674
13,222.231,1.76763,2.00515,1.84285,0.31163,0.43214,0.28631,0.11242,2.08227,2.71884,2.22315,0.00163399,0.00163399,0.00163399
14,237.691,1.72108,1.97104,1.81031,0.3346,0.26716,0.25475,0.09908,1.99326,2.42536,2.1198,0.00163124,0.00163124,0.00163124
15,253.024,1.69633,1.90173,1.76448,0.3204,0.54046,0.29651,0.13301,1.90216,2.12369,2.04458,0.00162849,0.00162849,0.00162849
16,268.418,1.71857,1.88549,1.77068,0.38221,0.51861,0.41109,0.17644,1.84024,2.16458,2.02642,0.00162574,0.00162574,0.00162574
17,283.799,1.6704,1.81529,1.74122,0.51672,0.30403,0.32847,0.13128,1.91685,2.17866,2.13548,0.00162299,0.00162299,0.00162299
18,299.22,1.69859,1.82348,1.754,0.30524,0.3677,0.28551,0.10168,1.97094,2.72639,2.10592,0.00162024,0.00162024,0.00162024
19,314.705,1.65048,1.79386,1.71494,0.3979,0.5484,0.38746,0.15795,1.94487,2.58978,2.04474,0.00161749,0.00161749,0.00161749
20,329.991,1.64793,1.72319,1.70377,0.52279,0.3875,0.44102,0.1924,1.91532,2.03086,2.12791,0.00161474,0.00161474,0.00161474
21,345.291,1.62959,1.66886,1.69076,0.49148,0.44256,0.42804,0.18518,1.88093,2.06429,2.01238,0.00161199,0.00161199,0.00161199
22,360.68,1.61899,1.67583,1.69858,0.51979,0.40765,0.40763,0.17556,1.91827,1.98636,2.06202,0.00160924,0.00160924,0.00160924
23,376.019,1.63556,1.69669,1.71111,0.64841,0.42233,0.48564,0.21734,1.88428,1.94436,2.06451,0.00160649,0.00160649,0.00160649
24,391.427,1.62845,1.65194,1.69811,0.50137,0.40492,0.41846,0.17316,1.92816,2.09519,2.04715,0.00160374,0.00160374,0.00160374
25,406.62,1.57147,1.60072,1.65821,0.52345,0.41348,0.44505,0.19877,1.92198,1.89729,2.03499,0.00160099,0.00160099,0.00160099
26,421.844,1.56657,1.58308,1.64637,0.48092,0.44981,0.43604,0.22071,1.78965,2.04919,1.95432,0.00159824,0.00159824,0.00159824
27,437.084,1.58668,1.59336,1.68698,0.65999,0.39227,0.50181,0.24466,1.82386,1.88234,1.99012,0.00159549,0.00159549,0.00159549
28,452.421,1.55352,1.5423,1.63502,0.55527,0.49706,0.54783,0.24745,1.85446,1.79003,2.02089,0.00159274,0.00159274,0.00159274
29,467.726,1.55045,1.51555,1.63821,0.53788,0.44547,0.46853,0.2036,1.93043,2.40994,2.06733,0.00158998,0.00158998,0.00158998
30,483.24,1.5199,1.45932,1.60516,0.63,0.56538,0.59178,0.29848,1.74076,1.79273,1.91383,0.00158723,0.00158723,0.00158723
31,498.763,1.53148,1.48852,1.609,0.49309,0.57528,0.50736,0.24505,1.81259,1.85261,1.97537,0.00158448,0.00158448,0.00158448
32,513.93,1.53482,1.4688,1.60941,0.59227,0.51458,0.56797,0.26455,1.83961,1.66247,1.94737,0.00158173,0.00158173,0.00158173
33,529.177,1.50864,1.43292,1.60228,0.70037,0.47591,0.57925,0.28273,1.75823,1.85642,1.9446,0.00157898,0.00157898,0.00157898
34,544.594,1.4764,1.40368,1.57614,0.76387,0.53466,0.60601,0.30143,1.72161,1.54681,1.87621,0.00157623,0.00157623,0.00157623
35,560.078,1.48439,1.39228,1.55296,0.61087,0.50234,0.53847,0.27409,1.71955,1.71268,1.88551,0.00157348,0.00157348,0.00157348
36,575.413,1.48029,1.36273,1.57968,0.55858,0.41004,0.45411,0.21178,1.79215,1.9955,1.94385,0.00157073,0.00157073,0.00157073
37,590.667,1.4982,1.40835,1.59427,0.55801,0.48521,0.54374,0.25358,1.76816,1.69029,1.8973,0.00156798,0.00156798,0.00156798
38,606.021,1.45864,1.36962,1.5488,0.61128,0.46936,0.51281,0.26379,1.82277,1.72468,1.92136,0.00156523,0.00156523,0.00156523
39,621.292,1.45232,1.35774,1.54704,0.57159,0.59005,0.58019,0.26485,1.82232,1.63562,1.96738,0.00156248,0.00156248,0.00156248
40,636.699,1.46004,1.32551,1.55668,0.56366,0.57116,0.58717,0.30718,1.83626,1.82244,1.95503,0.00155973,0.00155973,0.00155973
41,652.114,1.42379,1.3089,1.51972,0.62701,0.45777,0.49645,0.22973,1.77446,1.56537,1.89152,0.00155698,0.00155698,0.00155698
42,667.342,1.41115,1.25698,1.50915,0.62061,0.58732,0.59595,0.26707,1.78468,1.60972,1.94569,0.00155423,0.00155423,0.00155423
43,682.583,1.42213,1.2627,1.52757,0.72004,0.52825,0.64225,0.325,1.7643,1.56348,1.93606,0.00155148,0.00155148,0.00155148
44,697.843,1.43826,1.30766,1.51983,0.72564,0.52021,0.60994,0.30221,1.76384,1.53992,1.86455,0.00154873,0.00154873,0.00154873
45,713.169,1.41939,1.29793,1.51265,0.50783,0.67386,0.59206,0.27518,1.77844,1.60513,1.92952,0.00154598,0.00154598,0.00154598
46,728.532,1.42215,1.27703,1.52213,0.76842,0.44352,0.59663,0.30438,1.65873,1.42743,1.79309,0.00154323,0.00154323,0.00154323
47,743.877,1.38062,1.23006,1.49168,0.6236,0.63151,0.64514,0.30857,1.70422,1.53419,1.84117,0.00154047,0.00154047,0.00154047
48,759.104,1.38508,1.24756,1.50711,0.75906,0.44435,0.60565,0.29971,1.8077,1.57841,1.97976,0.00153772,0.00153772,0.00153772
49,774.454,1.38408,1.22674,1.50434,0.57798,0.71635,0.69878,0.34406,1.67627,1.44059,1.84569,0.00153497,0.00153497,0.00153497
50,790.046,1.39421,1.25658,1.48975,0.70831,0.62003,0.66945,0.36665,1.68857,1.45419,1.81586,0.00153222,0.00153222,0.00153222
51,805.437,1.3711,1.1856,1.46947,0.67541,0.53247,0.5938,0.29788,1.73894,1.43668,1.91538,0.00152947,0.00152947,0.00152947
52,820.737,1.36104,1.19879,1.48812,0.67694,0.61551,0.64565,0.29936,1.84149,1.48232,1.96531,0.00152672,0.00152672,0.00152672
53,836.087,1.35472,1.16752,1.46513,0.78149,0.53107,0.62363,0.35002,1.71657,1.45337,1.86454,0.00152397,0.00152397,0.00152397
54,851.515,1.34808,1.19558,1.46489,0.77038,0.5835,0.68468,0.36568,1.62414,1.30191,1.7858,0.00152122,0.00152122,0.00152122
55,866.992,1.33874,1.11487,1.44858,0.77805,0.56252,0.65969,0.34161,1.70788,1.43441,1.86902,0.00151847,0.00151847,0.00151847
56,882.405,1.30746,1.13468,1.43786,0.66938,0.67395,0.72018,0.34228,1.775,1.33906,1.93577,0.00151572,0.00151572,0.00151572
57,897.752,1.30125,1.12924,1.42044,0.63729,0.59864,0.64103,0.32809,1.6626,1.37206,1.80455,0.00151297,0.00151297,0.00151297
58,913.132,1.3297,1.14314,1.4429,0.57606,0.62883,0.63608,0.33026,1.66291,1.49725,1.79846,0.00151022,0.00151022,0.00151022
59,928.291,1.31171,1.07581,1.42784,0.62056,0.61728,0.62002,0.32021,1.73974,1.43586,1.93518,0.00150747,0.00150747,0.00150747
60,943.557,1.32657,1.12478,1.44852,0.8369,0.5401,0.71448,0.37853,1.64189,1.31792,1.8141,0.00150472,0.00150472,0.00150472
61,959.191,1.28672,1.07793,1.41575,0.76723,0.59508,0.69043,0.36002,1.60627,1.32586,1.77266,0.00150197,0.00150197,0.00150197
62,974.629,1.29532,1.0692,1.41921,0.66539,0.75034,0.75631,0.39853,1.67863,1.26833,1.851,0.00149922,0.00149922,0.00149922
63,990.029,1.29161,1.07028,1.40759,0.70989,0.59161,0.66541,0.35622,1.67755,1.60614,1.79502,0.00149647,0.00149647,0.00149647
64,1005.34,1.28946,1.06932,1.4036,0.79113,0.61728,0.74719,0.38115,1.73154,1.30242,1.91453,0.00149372,0.00149372,0.00149372
65,1020.61,1.28405,1.05231,1.42159,0.69272,0.5795,0.67024,0.32486,1.73408,1.52206,1.86248,0.00149096,0.00149096,0.00149096
66,1035.97,1.24834,1.04225,1.3787,0.70407,0.6235,0.68462,0.38868,1.64862,1.36719,1.79604,0.00148821,0.00148821,0.00148821
67,1051.3,1.25935,1.04947,1.37123,0.72213,0.62331,0.71913,0.39244,1.67987,1.29573,1.80152,0.00148546,0.00148546,0.00148546
68,1066.6,1.28085,1.06327,1.40055,0.68658,0.68309,0.73329,0.42057,1.61661,1.23633,1.76805,0.00148271,0.00148271,0.00148271
69,1082.03,1.21918,1.01673,1.37604,0.79712,0.56715,0.68367,0.3689,1.60458,1.28446,1.78351,0.00147996,0.00147996,0.00147996
70,1097.42,1.22169,0.99218,1.37596,0.64772,0.65193,0.68439,0.36043,1.60291,1.35025,1.78804,0.00147721,0.00147721,0.00147721
71,1112.73,1.22566,0.99755,1.36743,0.66122,0.67659,0.69764,0.3618,1.57645,1.22612,1.73007,0.00147446,0.00147446,0.00147446
72,1128.08,1.21924,0.98185,1.35827,0.85793,0.61975,0.75658,0.38362,1.71077,1.29689,1.86247,0.00147171,0.00147171,0.00147171
73,1143.3,1.21468,1.01168,1.36121,0.82228,0.52373,0.66994,0.38331,1.56568,1.2987,1.71482,0.00146896,0.00146896,0.00146896
74,1158.62,1.21887,1.00146,1.35334,0.82157,0.60152,0.7246,0.40441,1.59034,1.30282,1.76356,0.00146621,0.00146621,0.00146621
75,1173.88,1.22194,1.0145,1.37926,0.71041,0.66909,0.74115,0.40147,1.58497,1.25588,1.7605,0.00146346,0.00146346,0.00146346
76,1189.14,1.1734,0.9589,1.34373,0.79232,0.62232,0.71508,0.43565,1.61475,1.21249,1.78476,0.00146071,0.00146071,0.00146071
77,1204.69,1.19834,0.95944,1.3438,0.79941,0.66406,0.77418,0.41505,1.62457,1.13564,1.81354,0.00145796,0.00145796,0.00145796
78,1220.07,1.17846,0.9294,1.32483,0.75258,0.71273,0.77238,0.43734,1.58459,1.23831,1.74843,0.00145521,0.00145521,0.00145521
79,1235.45,1.20463,0.96839,1.35991,0.8292,0.68872,0.78571,0.46019,1.49639,1.15815,1.66272,0.00145246,0.00145246,0.00145246
80,1250.9,1.17116,0.94391,1.32103,0.80308,0.62911,0.76232,0.44266,1.58394,1.19102,1.79094,0.00144971,0.00144971,0.00144971
81,1266.21,1.13094,0.91998,1.31269,0.86203,0.61992,0.71982,0.42803,1.55185,1.28985,1.69093,0.00144696,0.00144696,0.00144696
82,1281.54,1.13638,0.8719,1.29736,0.77914,0.6789,0.73506,0.45956,1.53129,1.2851,1.7184,0.00144421,0.00144421,0.00144421
83,1296.82,1.15229,0.91615,1.31069,0.84795,0.65738,0.7445,0.46141,1.55468,1.21975,1.7345,0.00144145,0.00144145,0.00144145
84,1312.18,1.1368,0.90086,1.3192,0.76744,0.60959,0.71261,0.37963,1.63665,1.26999,1.79702,0.0014387,0.0014387,0.0014387
85,1327.59,1.17358,0.93482,1.32944,0.73667,0.62921,0.72077,0.37222,1.64646,1.22227,1.7671,0.00143595,0.00143595,0.00143595
86,1342.97,1.17667,0.94519,1.32622,0.6794,0.68201,0.72068,0.41248,1.58637,1.24692,1.73325,0.0014332,0.0014332,0.0014332
87,1358.36,1.12883,0.87462,1.29225,0.76632,0.75785,0.78132,0.46806,1.53821,1.12796,1.71928,0.00143045,0.00143045,0.00143045
88,1373.77,1.14794,0.89988,1.31455,0.8466,0.6247,0.77934,0.43438,1.60276,1.16035,1.73654,0.0014277,0.0014277,0.0014277
89,1389.11,1.12901,0.87013,1.29671,0.84873,0.62554,0.76345,0.42913,1.57223,1.17888,1.73134,0.00142495,0.00142495,0.00142495
90,1404.38,1.13573,0.91224,1.30965,0.78371,0.59525,0.70679,0.38026,1.60628,1.27079,1.75771,0.0014222,0.0014222,0.0014222
91,1419.61,1.14535,0.90088,1.29875,0.8562,0.62137,0.76318,0.42251,1.63257,1.13608,1.77425,0.00141945,0.00141945,0.00141945
92,1434.91,1.11868,0.86232,1.28216,0.8471,0.70852,0.78573,0.45152,1.56291,1.07453,1.76852,0.0014167,0.0014167,0.0014167
93,1450.33,1.10624,0.86517,1.27743,0.84916,0.67728,0.79742,0.44018,1.63275,1.19074,1.85405,0.00141395,0.00141395,0.00141395
94,1465.74,1.10379,0.84499,1.26723,0.81274,0.6667,0.75925,0.43991,1.60366,1.14772,1.77688,0.0014112,0.0014112,0.0014112
95,1480.99,1.09721,0.84527,1.28373,0.80187,0.67899,0.77824,0.46681,1.60846,1.10091,1.77144,0.00140845,0.00140845,0.00140845
96,1496.28,1.1075,0.84841,1.27333,0.88427,0.69119,0.80952,0.46675,1.52174,1.1145,1.70532,0.0014057,0.0014057,0.0014057
97,1511.65,1.10238,0.85849,1.28351,0.89172,0.63384,0.74234,0.41676,1.63007,1.13474,1.80703,0.00140295,0.00140295,0.00140295
98,1527.14,1.07085,0.84566,1.26875,0.77328,0.67437,0.72894,0.43812,1.52714,1.19924,1.70099,0.0014002,0.0014002,0.0014002
99,1542.57,1.09215,0.83746,1.26374,0.79844,0.63888,0.7376,0.46364,1.51676,1.12388,1.70307,0.00139745,0.00139745,0.00139745
100,1557.97,1.07215,0.83783,1.27101,0.82629,0.64068,0.75728,0.45053,1.53472,1.08009,1.72515,0.0013947,0.0013947,0.0013947
101,1573.37,1.09838,0.87068,1.27588,0.78146,0.62948,0.75732,0.41078,1.56826,1.21072,1.73662,0.00139195,0.00139195,0.00139195
102,1588.75,1.09869,0.85034,1.26809,0.89074,0.64689,0.78203,0.46693,1.59009,1.16417,1.76224,0.00138919,0.00138919,0.00138919
103,1604.18,1.05902,0.80925,1.23914,0.78877,0.72823,0.79351,0.45013,1.58251,1.07028,1.738,0.00138644,0.00138644,0.00138644
104,1619.6,1.04947,0.80001,1.23281,0.78649,0.71523,0.79184,0.43317,1.55929,1.08536,1.74066,0.00138369,0.00138369,0.00138369
105,1634.94,1.06574,0.80714,1.24627,0.74992,0.64975,0.71824,0.41645,1.58812,1.19788,1.7709,0.00138094,0.00138094,0.00138094
106,1650.19,1.05838,0.81241,1.23272,0.83453,0.6987,0.81913,0.49037,1.47898,1.08965,1.67321,0.00137819,0.00137819,0.00137819
107,1665.47,1.06108,0.82504,1.25334,0.73923,0.69672,0.74256,0.43082,1.59172,1.12492,1.79658,0.00137544,0.00137544,0.00137544
108,1680.99,1.04251,0.79941,1.2176,0.86459,0.63213,0.76347,0.471,1.46568,1.06389,1.65892,0.00137269,0.00137269,0.00137269
109,1696.38,1.03189,0.7931,1.23507,0.84857,0.72337,0.80893,0.48416,1.47702,1.05796,1.65547,0.00136994,0.00136994,0.00136994
110,1711.73,1.01186,0.77712,1.21761,0.90296,0.66267,0.80745,0.48084,1.50267,1.0996,1.68456,0.00136719,0.00136719,0.00136719
111,1727.04,1.03701,0.8081,1.23292,0.87718,0.64433,0.78547,0.45235,1.50009,1.06016,1.70338,0.00136444,0.00136444,0.00136444
112,1742.44,1.04577,0.79126,1.23212,0.83546,0.72823,0.79675,0.46301,1.50483,1.15775,1.68612,0.00136169,0.00136169,0.00136169
113,1757.78,1.01377,0.79065,1.22249,0.91418,0.66529,0.81598,0.51149,1.4328,1.08164,1.61888,0.00135894,0.00135894,0.00135894
114,1773.15,1.00974,0.75958,1.21099,0.84844,0.71603,0.80898,0.48636,1.46512,1.08828,1.66612,0.00135619,0.00135619,0.00135619
115,1788.43,0.99503,0.75904,1.19933,0.87686,0.76611,0.84681,0.49591,1.46497,0.98964,1.66066,0.00135344,0.00135344,0.00135344
116,1803.84,1.00979,0.75014,1.2118,0.87201,0.72089,0.81476,0.46204,1.53808,1.05919,1.70339,0.00135069,0.00135069,0.00135069
117,1819.17,0.99572,0.74905,1.19022,0.90224,0.67404,0.78081,0.46972,1.54786,1.09256,1.69923,0.00134794,0.00134794,0.00134794
118,1834.56,1.01854,0.76995,1.20433,0.89112,0.66197,0.78663,0.46164,1.52483,1.07138,1.71594,0.00134519,0.00134519,0.00134519
119,1849.9,1.01342,0.78701,1.21606,0.76774,0.75503,0.81219,0.47319,1.47618,1.16824,1.69947,0.00134244,0.00134244,0.00134244
120,1865.26,1.00983,0.75568,1.21198,0.77932,0.73802,0.80922,0.42865,1.4954,1.16113,1.67707,0.00133968,0.00133968,0.00133968
121,1880.52,1.01799,0.75732,1.21655,0.87888,0.68921,0.83005,0.49526,1.50227,1.06584,1.65908,0.00133693,0.00133693,0.00133693
122,1895.81,0.99421,0.7542,1.20285,0.8893,0.74123,0.87255,0.5081,1.47996,0.97466,1.6857,0.00133418,0.00133418,0.00133418
123,1911.12,0.96767,0.73784,1.19103,0.84288,0.7078,0.82051,0.50521,1.52576,1.00869,1.74096,0.00133143,0.00133143,0.00133143
124,1926.55,0.97959,0.74534,1.18894,0.82107,0.6987,0.79812,0.47193,1.52487,1.03761,1.78145,0.00132868,0.00132868,0.00132868
125,1941.89,0.98406,0.73978,1.19067,0.88838,0.73014,0.83905,0.51208,1.44946,1.05008,1.68209,0.00132593,0.00132593,0.00132593
126,1957.29,0.96484,0.7517,1.19223,0.78974,0.72988,0.78552,0.47613,1.44047,1.11812,1.66193,0.00132318,0.00132318,0.00132318
127,1972.7,0.96966,0.7443,1.18781,0.90867,0.67058,0.80035,0.47713,1.53041,1.01273,1.75288,0.00132043,0.00132043,0.00132043
128,1988.16,0.97088,0.74228,1.18064,0.8187,0.70613,0.8008,0.47115,1.53882,1.08545,1.72827,0.00131768,0.00131768,0.00131768
129,2003.56,0.97293,0.72997,1.17577,0.87879,0.72918,0.83088,0.52308,1.4447,0.99886,1.62979,0.00131493,0.00131493,0.00131493
130,2018.92,0.94974,0.72469,1.1779,0.83927,0.70736,0.83055,0.51841,1.51317,1.11462,1.73266,0.00131218,0.00131218,0.00131218
131,2034.27,0.9654,0.73821,1.18265,0.80251,0.7469,0.82281,0.50209,1.50992,1.02004,1.70246,0.00130943,0.00130943,0.00130943
132,2049.69,0.94468,0.69863,1.16612,0.90715,0.71594,0.85062,0.49123,1.47644,1.01361,1.67824,0.00130668,0.00130668,0.00130668
133,2065.13,0.93611,0.69764,1.16227,0.88476,0.64698,0.79589,0.4723,1.55601,1.0049,1.79147,0.00130393,0.00130393,0.00130393
134,2080.55,0.94671,0.71225,1.16791,0.89659,0.72667,0.82913,0.49459,1.50963,1.00503,1.70117,0.00130118,0.00130118,0.00130118
135,2095.97,0.94239,0.70813,1.15655,0.89542,0.71338,0.82065,0.49362,1.51821,1.03798,1.73124,0.00129843,0.00129843,0.00129843
136,2111.32,0.95609,0.71023,1.17995,0.86328,0.73814,0.8369,0.53353,1.46523,1.01971,1.65222,0.00129568,0.00129568,0.00129568
137,2126.62,0.93391,0.68776,1.16315,0.89019,0.71914,0.82552,0.50968,1.51595,1.01012,1.69,0.00129293,0.00129293,0.00129293
138,2141.84,0.92929,0.68625,1.1571,0.82856,0.8093,0.84985,0.49464,1.52858,1.0513,1.68686,0.00129017,0.00129017,0.00129017
139,2157.25,0.93929,0.70884,1.16779,0.89994,0.70619,0.83824,0.4959,1.42146,0.97197,1.64025,0.00128742,0.00128742,0.00128742
140,2172.74,0.91693,0.67832,1.14872,0.8401,0.79251,0.83296,0.49732,1.52553,1.05179,1.74149,0.00128467,0.00128467,0.00128467
141,2188.05,0.93595,0.68748,1.15374,0.86916,0.69315,0.83355,0.5044,1.48404,1.04221,1.69063,0.00128192,0.00128192,0.00128192
142,2203.37,0.93142,0.68833,1.15358,0.87397,0.69861,0.81187,0.48102,1.56015,1.16285,1.73197,0.00127917,0.00127917,0.00127917
143,2218.74,0.91841,0.69416,1.15382,0.90891,0.76528,0.84631,0.51584,1.46568,0.96648,1.70143,0.00127642,0.00127642,0.00127642
144,2234.09,0.91049,0.67511,1.14946,0.89898,0.732,0.81126,0.50825,1.45952,1.01804,1.68691,0.00127367,0.00127367,0.00127367
145,2249.37,0.91838,0.67188,1.156,0.76836,0.7325,0.82836,0.48039,1.45139,1.00739,1.65103,0.00127092,0.00127092,0.00127092
146,2264.66,0.93457,0.68533,1.16136,0.83244,0.74061,0.8435,0.51371,1.40302,0.95904,1.6198,0.00126817,0.00126817,0.00126817
147,2280.07,0.91106,0.67079,1.1339,0.93198,0.6669,0.82032,0.5097,1.40597,0.9915,1.58824,0.00126542,0.00126542,0.00126542
148,2295.54,0.91076,0.67141,1.15207,0.79477,0.8048,0.84802,0.53314,1.38524,0.99171,1.56241,0.00126267,0.00126267,0.00126267
149,2310.88,0.88311,0.65638,1.13207,0.85231,0.74721,0.79685,0.50386,1.46546,1.0552,1.65568,0.00125992,0.00125992,0.00125992
150,2326.21,0.88276,0.64406,1.13259,0.92725,0.72663,0.82752,0.49532,1.40871,0.98082,1.60399,0.00125717,0.00125717,0.00125717
151,2341.58,0.87237,0.65873,1.11989,0.88792,0.6802,0.80866,0.4869,1.46391,1.05597,1.66801,0.00125442,0.00125442,0.00125442
152,2356.95,0.87464,0.6497,1.12742,0.76781,0.79251,0.84888,0.53514,1.50577,0.94647,1.7279,0.00125167,0.00125167,0.00125167
153,2372.26,0.89275,0.64762,1.12395,0.87713,0.69136,0.80356,0.49555,1.43638,1.03174,1.6226,0.00124892,0.00124892,0.00124892
154,2387.5,0.89324,0.65892,1.13722,0.89745,0.67965,0.821,0.51658,1.38326,1.00779,1.61327,0.00124617,0.00124617,0.00124617
155,2402.88,0.86937,0.62964,1.11739,0.93,0.72517,0.84868,0.51782,1.43509,0.9267,1.69102,0.00124342,0.00124342,0.00124342
156,2418.31,0.88817,0.64903,1.13887,0.90444,0.7432,0.86961,0.52203,1.42315,0.89352,1.67611,0.00124066,0.00124066,0.00124066
157,2433.59,0.86882,0.64131,1.11855,0.8813,0.71647,0.84329,0.5335,1.39354,0.97769,1.63585,0.00123791,0.00123791,0.00123791
158,2448.93,0.88423,0.65033,1.13067,0.83962,0.74804,0.82119,0.50393,1.45113,1.01936,1.7116,0.00123516,0.00123516,0.00123516
159,2464.32,0.86782,0.63068,1.10818,0.92171,0.68394,0.84177,0.52948,1.37342,0.93199,1.60764,0.00123241,0.00123241,0.00123241
160,2479.7,0.8726,0.63421,1.11663,0.83176,0.76662,0.83856,0.52524,1.4091,1.01491,1.61302,0.00122966,0.00122966,0.00122966
161,2494.99,0.88619,0.65855,1.12646,0.96801,0.70109,0.82537,0.49914,1.41006,0.96161,1.65699,0.00122691,0.00122691,0.00122691
162,2510.35,0.8489,0.62667,1.10182,0.87355,0.75642,0.82561,0.51654,1.44225,1.07188,1.66861,0.00122416,0.00122416,0.00122416
163,2525.71,0.87644,0.65092,1.13193,0.93741,0.66221,0.80097,0.52905,1.36575,0.98417,1.6196,0.00122141,0.00122141,0.00122141
164,2541.05,0.8704,0.63014,1.13028,0.85553,0.78628,0.87343,0.56018,1.40442,0.93147,1.62755,0.00121866,0.00121866,0.00121866
165,2556.45,0.87461,0.62588,1.11717,0.84846,0.76422,0.85119,0.55633,1.36469,0.86403,1.59479,0.00121591,0.00121591,0.00121591
166,2571.9,0.85234,0.62101,1.09828,0.87511,0.76519,0.84032,0.54324,1.38796,0.97477,1.65446,0.00121316,0.00121316,0.00121316
167,2587.24,0.84321,0.61783,1.10462,0.80823,0.77617,0.82643,0.5047,1.37488,0.96807,1.60785,0.00121041,0.00121041,0.00121041
168,2602.54,0.85616,0.61984,1.09683,0.88477,0.73033,0.82805,0.49717,1.40451,0.99742,1.62025,0.00120766,0.00120766,0.00120766
169,2617.74,0.85194,0.62976,1.10891,0.89693,0.75602,0.82053,0.54229,1.35226,1.03506,1.59551,0.00120491,0.00120491,0.00120491
170,2633.07,0.83611,0.62003,1.09783,0.93841,0.70613,0.82702,0.54868,1.31782,0.89608,1.56698,0.00120216,0.00120216,0.00120216
171,2648.57,0.85948,0.62469,1.10882,0.93511,0.72615,0.8461,0.55267,1.38953,1.00488,1.60645,0.00119941,0.00119941,0.00119941
172,2664.02,0.82316,0.60678,1.09621,0.85331,0.70883,0.81057,0.50661,1.43412,1.18236,1.63799,0.00119666,0.00119666,0.00119666
173,2679.34,0.83604,0.61459,1.09959,0.85768,0.73996,0.79615,0.52158,1.3793,1.05328,1.59795,0.00119391,0.00119391,0.00119391
174,2694.7,0.85266,0.62766,1.10962,0.93684,0.72895,0.84777,0.5631,1.38304,0.92863,1.64089,0.00119115,0.00119115,0.00119115
175,2710.25,0.83185,0.60579,1.09746,0.83836,0.77056,0.81627,0.51263,1.39324,1.00639,1.61322,0.0011884,0.0011884,0.0011884
176,2725.62,0.83501,0.6194,1.10604,0.87916,0.71508,0.80369,0.51958,1.34854,1.00599,1.60773,0.00118565,0.00118565,0.00118565
177,2740.92,0.82518,0.61412,1.10175,0.89689,0.78004,0.86466,0.54975,1.34468,0.94296,1.60949,0.0011829,0.0011829,0.0011829
178,2756.25,0.83048,0.59548,1.09396,0.88826,0.79481,0.86695,0.56644,1.33796,0.91384,1.55206,0.00118015,0.00118015,0.00118015
179,2771.75,0.82269,0.5927,1.09159,0.86858,0.72113,0.80911,0.54636,1.37973,0.97869,1.63416,0.0011774,0.0011774,0.0011774
180,2787.14,0.82588,0.60028,1.09493,0.90339,0.77765,0.86738,0.56287,1.30554,0.95303,1.57019,0.00117465,0.00117465,0.00117465
181,2802.46,0.86362,0.6266,1.11836,0.96335,0.71807,0.82461,0.53091,1.38687,1.07728,1.63768,0.0011719,0.0011719,0.0011719
182,2817.82,0.81448,0.58564,1.08555,0.90066,0.76541,0.83789,0.53533,1.35081,0.95775,1.6205,0.00116915,0.00116915,0.00116915
183,2833.18,0.82681,0.58955,1.09283,0.86437,0.7855,0.85089,0.53763,1.35175,0.96743,1.60277,0.0011664,0.0011664,0.0011664
184,2848.41,0.80586,0.59466,1.08638,0.89225,0.78886,0.86948,0.56537,1.37003,0.88239,1.61932,0.00116365,0.00116365,0.00116365
185,2863.59,0.82124,0.58426,1.09786,0.90564,0.743,0.84678,0.53757,1.3979,0.977,1.60895,0.0011609,0.0011609,0.0011609
186,2879.05,0.822,0.59289,1.0912,0.86742,0.76929,0.84153,0.54978,1.41093,1.04285,1.61044,0.00115815,0.00115815,0.00115815
187,2894.39,0.78831,0.58803,1.07397,0.96046,0.70203,0.84348,0.55028,1.39265,0.93887,1.63589,0.0011554,0.0011554,0.0011554
188,2909.73,0.81945,0.59439,1.0865,0.84542,0.78114,0.83615,0.54258,1.35755,0.98676,1.60521,0.00115265,0.00115265,0.00115265
189,2925.05,0.78057,0.57789,1.08119,0.90109,0.73326,0.83205,0.54977,1.35494,0.9764,1.59222,0.0011499,0.0011499,0.0011499
190,2940.42,0.80983,0.58598,1.08716,0.96439,0.74872,0.87129,0.55155,1.35019,0.91131,1.59169,0.00114715,0.00114715,0.00114715
191,2955.81,0.82359,0.5896,1.09058,0.91948,0.78301,0.84961,0.53157,1.32028,0.91974,1.59069,0.0011444,0.0011444,0.0011444
192,2971.13,0.79,0.59101,1.07662,0.93338,0.70447,0.80687,0.52583,1.31816,0.96894,1.56383,0.00114164,0.00114164,0.00114164
193,2986.44,0.8039,0.5897,1.0707,0.84075,0.74473,0.82585,0.53418,1.34526,1.01419,1.59304,0.00113889,0.00113889,0.00113889
194,3001.78,0.81817,0.59272,1.08577,0.866,0.78165,0.83312,0.53151,1.29441,0.90471,1.57224,0.00113614,0.00113614,0.00113614
195,3017.2,0.80171,0.57767,1.08244,0.8944,0.75123,0.8554,0.54808,1.34878,0.89716,1.58233,0.00113339,0.00113339,0.00113339
196,3032.67,0.76726,0.55906,1.06402,0.8592,0.70257,0.82062,0.54289,1.28482,0.94963,1.51951,0.00113064,0.00113064,0.00113064
197,3048.02,0.78681,0.57462,1.06371,0.91358,0.70613,0.8358,0.56162,1.32611,0.96385,1.56479,0.00112789,0.00112789,0.00112789
198,3063.33,0.77,0.56232,1.06329,0.90645,0.73532,0.84031,0.55237,1.36325,1.02296,1.60206,0.00112514,0.00112514,0.00112514
199,3078.68,0.77304,0.56837,1.05859,0.89301,0.74565,0.81851,0.54974,1.30944,0.93639,1.5665,0.00112239,0.00112239,0.00112239
200,3093.92,0.78455,0.58393,1.07356,0.94024,0.7483,0.8641,0.5631,1.31292,0.90848,1.56554,0.00111964,0.00111964,0.00111964
201,3109.24,0.78624,0.57351,1.06975,0.86529,0.7826,0.85278,0.52939,1.36697,0.95703,1.61063,0.00111689,0.00111689,0.00111689
202,3124.62,0.78295,0.58133,1.07307,0.8569,0.75433,0.84988,0.56785,1.31569,0.9203,1.54174,0.00111414,0.00111414,0.00111414
203,3140.01,0.76917,0.55943,1.06794,0.91808,0.65862,0.79402,0.53141,1.32611,0.96071,1.55304,0.00111139,0.00111139,0.00111139
204,3155.32,0.78817,0.56798,1.06867,0.86434,0.81131,0.87838,0.57655,1.31177,0.89403,1.54209,0.00110864,0.00110864,0.00110864
205,3170.71,0.79815,0.58306,1.06862,0.87236,0.70699,0.81238,0.52876,1.34962,0.93786,1.59404,0.00110589,0.00110589,0.00110589
206,3186.2,0.782,0.55719,1.06364,0.96405,0.73319,0.86598,0.55266,1.34988,0.87868,1.60577,0.00110314,0.00110314,0.00110314
207,3201.48,0.77564,0.5546,1.05628,0.94863,0.69799,0.83994,0.54014,1.36898,0.98456,1.59602,0.00110039,0.00110039,0.00110039
208,3216.73,0.78493,0.58213,1.0615,0.91041,0.73071,0.85945,0.54821,1.35988,0.90128,1.59058,0.00109764,0.00109764,0.00109764
209,3232.06,0.75333,0.55393,1.04729,0.85841,0.73466,0.84376,0.55654,1.3668,0.94162,1.61285,0.00109489,0.00109489,0.00109489
210,3247.42,0.76954,0.56426,1.05998,0.88385,0.77037,0.84461,0.55108,1.33531,0.91044,1.54108,0.00109214,0.00109214,0.00109214
211,3262.85,0.78836,0.56921,1.06626,0.88134,0.70207,0.81311,0.52277,1.32225,0.93011,1.55683,0.00108938,0.00108938,0.00108938
212,3278.27,0.75069,0.55116,1.05428,0.91102,0.70445,0.82407,0.53121,1.31588,0.91358,1.56527,0.00108663,0.00108663,0.00108663
213,3293.59,0.75861,0.54691,1.06617,0.87705,0.75071,0.83684,0.5338,1.38009,0.93893,1.60977,0.00108388,0.00108388,0.00108388
214,3308.94,0.75324,0.5463,1.05724,0.87733,0.75958,0.82309,0.53842,1.34637,0.92282,1.58079,0.00108113,0.00108113,0.00108113
215,3324.25,0.741,0.53689,1.04345,0.86779,0.76103,0.83256,0.54624,1.33477,1.01583,1.58628,0.00107838,0.00107838,0.00107838
216,3339.51,0.73384,0.53387,1.04799,0.85091,0.74661,0.80984,0.54155,1.33493,0.97184,1.58397,0.00107563,0.00107563,0.00107563
217,3354.94,0.73569,0.52671,1.04472,0.87374,0.74986,0.82413,0.54948,1.30654,0.98549,1.56878,0.00107288,0.00107288,0.00107288
218,3370.36,0.74431,0.53903,1.04206,0.8878,0.77098,0.8366,0.53427,1.3102,0.95017,1.54466,0.00107013,0.00107013,0.00107013
219,3385.72,0.74087,0.54898,1.04447,0.8864,0.77262,0.84918,0.55419,1.32511,0.94813,1.56583,0.00106738,0.00106738,0.00106738
220,3401.07,0.73808,0.51997,1.03415,0.89708,0.75439,0.85642,0.58698,1.30283,0.89377,1.56109,0.00106463,0.00106463,0.00106463
221,3416.43,0.74373,0.53218,1.05116,0.91742,0.82187,0.89735,0.5685,1.29863,0.9021,1.57399,0.00106188,0.00106188,0.00106188
222,3431.78,0.73531,0.52444,1.05037,0.87518,0.79663,0.87454,0.59043,1.27525,0.86231,1.52059,0.00105913,0.00105913,0.00105913
223,3447.13,0.73117,0.52767,1.03152,0.87323,0.76289,0.86667,0.59311,1.3059,0.89111,1.51392,0.00105638,0.00105638,0.00105638
224,3462.52,0.75615,0.54541,1.04756,0.89848,0.76767,0.85378,0.56871,1.30307,0.93475,1.56538,0.00105363,0.00105363,0.00105363
225,3477.88,0.72287,0.52445,1.03378,0.91537,0.76528,0.862,0.58744,1.2917,0.95908,1.54279,0.00105088,0.00105088,0.00105088
226,3493.29,0.73477,0.52465,1.03161,0.93807,0.67375,0.82363,0.56267,1.30465,0.94289,1.54839,0.00104813,0.00104813,0.00104813
227,3508.74,0.74178,0.52104,1.04123,0.84547,0.80133,0.8469,0.57274,1.27682,0.8581,1.51343,0.00104538,0.00104538,0.00104538
228,3524.11,0.73357,0.52681,1.04127,0.89871,0.7432,0.84133,0.58339,1.24719,0.91123,1.48322,0.00104263,0.00104263,0.00104263
229,3539.45,0.73872,0.53045,1.04833,0.90822,0.73427,0.84116,0.55982,1.26792,0.97296,1.50698,0.00103987,0.00103987,0.00103987
230,3554.79,0.72662,0.52874,1.044,0.9037,0.72978,0.84607,0.58229,1.24945,0.91428,1.52397,0.00103712,0.00103712,0.00103712
231,3569.95,0.74095,0.53565,1.04924,0.92342,0.75051,0.85768,0.55984,1.24466,0.93478,1.48638,0.00103437,0.00103437,0.00103437
232,3585.18,0.72542,0.5259,1.03322,0.88246,0.77766,0.87815,0.58065,1.24618,0.85385,1.50231,0.00103162,0.00103162,0.00103162
233,3600.58,0.70566,0.49696,1.02235,0.90368,0.77693,0.86489,0.57464,1.27546,0.92892,1.5302,0.00102887,0.00102887,0.00102887
234,3616.06,0.74941,0.52806,1.05429,0.81946,0.81586,0.87302,0.58144,1.2279,0.86801,1.48415,0.00102612,0.00102612,0.00102612
235,3631.34,0.73746,0.51442,1.03499,0.848,0.80882,0.87276,0.56807,1.27441,0.83142,1.52852,0.00102337,0.00102337,0.00102337
236,3646.68,0.70792,0.50934,1.01452,0.88744,0.78187,0.84192,0.56651,1.28151,1.02053,1.52965,0.00102062,0.00102062,0.00102062
237,3662.06,0.70258,0.51103,1.0274,0.86696,0.7846,0.85746,0.58347,1.25132,0.90482,1.50148,0.00101787,0.00101787,0.00101787
238,3677.54,0.73646,0.5283,1.03581,0.91967,0.71389,0.85336,0.57546,1.28253,0.95613,1.51507,0.00101512,0.00101512,0.00101512
239,3692.9,0.71506,0.51683,1.02659,0.91571,0.78911,0.85111,0.57608,1.27077,0.91681,1.50094,0.00101237,0.00101237,0.00101237
240,3708.23,0.71075,0.51996,1.03628,0.82861,0.77717,0.8326,0.56642,1.23631,0.92444,1.47412,0.00100962,0.00100962,0.00100962
241,3723.63,0.72385,0.51667,1.03428,0.84854,0.78013,0.83351,0.56309,1.26688,0.91128,1.52577,0.00100687,0.00100687,0.00100687
242,3739.06,0.69156,0.50459,1.01325,0.86849,0.78516,0.8545,0.56097,1.2799,0.8368,1.5341,0.00100412,0.00100412,0.00100412
243,3754.49,0.7003,0.49855,1.02605,0.92965,0.74125,0.85297,0.57229,1.28102,0.85193,1.52515,0.00100137,0.00100137,0.00100137
244,3769.92,0.70499,0.51201,1.02808,0.88998,0.7539,0.87196,0.58613,1.27698,0.85549,1.5133,0.000998616,0.000998616,0.000998616
245,3785.23,0.71781,0.52522,1.03125,0.91293,0.77757,0.88856,0.59468,1.24289,0.86211,1.46723,0.000995866,0.000995866,0.000995866
246,3800.67,0.69316,0.49066,1.01464,0.87778,0.78243,0.8599,0.57835,1.2729,0.88728,1.50039,0.000993115,0.000993115,0.000993115
247,3816.14,0.69456,0.50175,1.01698,0.8507,0.79094,0.8514,0.58027,1.30224,0.92643,1.55114,0.000990365,0.000990365,0.000990365
248,3831.56,0.67723,0.48247,1.00441,0.84639,0.7727,0.82574,0.55018,1.26637,0.94946,1.5028,0.000987614,0.000987614,0.000987614
249,3847.01,0.70314,0.50729,1.01961,0.84305,0.78495,0.84527,0.57106,1.27436,0.89215,1.50246,0.000984864,0.000984864,0.000984864
250,3862.45,0.70794,0.50433,1.02748,0.89711,0.74019,0.84289,0.57587,1.24285,0.92729,1.5033,0.000982113,0.000982113,0.000982113
251,3877.77,0.6903,0.49945,1.01897,0.86848,0.76536,0.83667,0.59199,1.25094,0.87562,1.52675,0.000979362,0.000979362,0.000979362
252,3893.13,0.71442,0.51463,1.02088,0.84938,0.76043,0.84338,0.58414,1.24577,0.89266,1.50405,0.000976612,0.000976612,0.000976612
253,3908.58,0.69493,0.49673,1.02744,0.84267,0.77578,0.83256,0.58544,1.26803,0.93853,1.48782,0.000973861,0.000973861,0.000973861
254,3923.9,0.67159,0.47409,1.0096,0.91546,0.75051,0.85257,0.59733,1.20526,0.86587,1.4461,0.000971111,0.000971111,0.000971111
255,3939.24,0.66324,0.4708,0.99949,0.8773,0.78508,0.85277,0.57894,1.22935,0.87547,1.47214,0.00096836,0.00096836,0.00096836
256,3954.62,0.69143,0.50265,1.02366,0.85873,0.76694,0.84726,0.58787,1.29056,0.89897,1.55008,0.00096561,0.00096561,0.00096561
257,3969.99,0.68316,0.48499,1.01351,0.86983,0.79957,0.86374,0.57503,1.31987,0.8861,1.56566,0.000962859,0.000962859,0.000962859
258,3985.36,0.69384,0.50985,1.02892,0.91887,0.82032,0.87153,0.59034,1.26247,0.85782,1.51421,0.000960109,0.000960109,0.000960109
259,4000.77,0.68144,0.48,1.00868,0.93406,0.72089,0.86795,0.58357,1.26881,0.85694,1.52719,0.000957358,0.000957358,0.000957358
260,4016.13,0.67848,0.4864,1.01648,0.87262,0.78296,0.85772,0.57921,1.25617,0.90929,1.50676,0.000954608,0.000954608,0.000954608
261,4031.45,0.69837,0.49157,1.01557,0.84312,0.75019,0.84589,0.55672,1.24715,0.94575,1.50245,0.000951857,0.000951857,0.000951857
262,4046.74,0.68355,0.48525,1.01223,0.86299,0.79242,0.86188,0.56505,1.26895,0.93437,1.5091,0.000949106,0.000949106,0.000949106
263,4061.93,0.69221,0.49079,1.01539,0.91569,0.78729,0.86554,0.57894,1.28152,0.8961,1.53897,0.000946356,0.000946356,0.000946356
264,4077.33,0.69929,0.5062,1.03032,0.90555,0.7835,0.86966,0.57528,1.27768,0.8962,1.5518,0.000943605,0.000943605,0.000943605
265,4092.79,0.68556,0.49555,1.01986,0.87928,0.78867,0.8579,0.57995,1.25556,0.92526,1.53765,0.000940855,0.000940855,0.000940855
266,4108.19,0.68607,0.49514,1.02324,0.92676,0.76033,0.85027,0.57896,1.26089,0.94544,1.5149,0.000938104,0.000938104,0.000938104
267,4123.47,0.67641,0.48955,1.01655,0.92685,0.77718,0.86374,0.58789,1.26376,0.88811,1.51005,0.000935354,0.000935354,0.000935354
268,4138.87,0.66423,0.48558,0.99734,0.95977,0.76338,0.8544,0.59845,1.2465,0.86529,1.49908,0.000932603,0.000932603,0.000932603
269,4154.26,0.6744,0.48191,1.01083,0.91591,0.78939,0.85356,0.5767,1.2636,0.87891,1.51789,0.000929853,0.000929853,0.000929853
270,4169.62,0.66756,0.47845,1.00499,0.89866,0.78655,0.86884,0.58471,1.23734,0.92036,1.5057,0.000927102,0.000927102,0.000927102
271,4184.95,0.67898,0.48699,1.01132,0.88956,0.77927,0.86068,0.59515,1.24582,0.87161,1.52637,0.000924352,0.000924352,0.000924352
272,4200.38,0.66495,0.4833,1.01363,0.86188,0.80098,0.88422,0.60996,1.19972,0.81639,1.48252,0.000921601,0.000921601,0.000921601
273,4215.73,0.66362,0.47585,1.0048,0.86408,0.77774,0.86384,0.58582,1.21211,0.85683,1.50529,0.00091885,0.00091885,0.00091885
274,4231.08,0.67153,0.49122,1.01107,0.90357,0.78013,0.86809,0.60378,1.19313,0.87338,1.49517,0.0009161,0.0009161,0.0009161
275,4246.45,0.67971,0.49308,1.01475,0.97671,0.77123,0.8695,0.58855,1.20714,0.94767,1.50984,0.000913349,0.000913349,0.000913349
276,4261.85,0.65974,0.47359,1.00536,0.88882,0.83716,0.88106,0.59711,1.24019,0.9118,1.52619,0.000910599,0.000910599,0.000910599
277,4277.17,0.6479,0.4685,0.99736,0.87974,0.78873,0.86061,0.58702,1.27738,0.95685,1.54048,0.000907848,0.000907848,0.000907848
278,4292.37,0.65141,0.45993,0.99857,0.91726,0.75198,0.86295,0.57327,1.24512,0.94261,1.51511,0.000905098,0.000905098,0.000905098
279,4307.64,0.65809,0.46957,1.0019,0.97057,0.7341,0.85287,0.60068,1.20812,0.9119,1.47714,0.000902347,0.000902347,0.000902347
280,4323.12,0.67094,0.47718,1.01675,0.93216,0.76033,0.86869,0.60452,1.20661,0.84503,1.47742,0.000899597,0.000899597,0.000899597
281,4338.52,0.65388,0.4715,1.00434,0.91257,0.8062,0.86212,0.60934,1.20246,0.82455,1.4739,0.000896846,0.000896846,0.000896846
282,4353.82,0.64114,0.45812,0.99484,0.92785,0.78499,0.85999,0.62008,1.18348,0.83514,1.46171,0.000894095,0.000894095,0.000894095
283,4369.18,0.65427,0.46711,0.99246,0.91062,0.78756,0.86663,0.62412,1.1619,0.85506,1.43701,0.000891345,0.000891345,0.000891345
284,4384.7,0.62878,0.44791,0.98018,0.9226,0.77038,0.85532,0.60172,1.18882,0.87359,1.4557,0.000888594,0.000888594,0.000888594
285,4400.04,0.6541,0.46609,0.99787,0.91122,0.7628,0.86564,0.60297,1.22437,0.8943,1.49897,0.000885844,0.000885844,0.000885844
286,4415.42,0.6457,0.46887,0.99311,0.87866,0.772,0.86775,0.60079,1.22841,0.85249,1.51429,0.000883093,0.000883093,0.000883093
287,4430.71,0.64224,0.4665,0.99458,0.95551,0.76706,0.87123,0.58829,1.26899,0.85015,1.55057,0.000880343,0.000880343,0.000880343
288,4446.08,0.65415,0.45874,0.99332,0.887,0.77358,0.84884,0.58839,1.25786,0.8642,1.54376,0.000877592,0.000877592,0.000877592
289,4461.54,0.6335,0.45379,0.99244,0.95595,0.74309,0.86084,0.60602,1.26266,0.86718,1.55028,0.000874842,0.000874842,0.000874842
290,4476.94,0.64646,0.46868,0.99848,0.8931,0.77675,0.86387,0.60284,1.25584,0.84596,1.53161,0.000872091,0.000872091,0.000872091
291,4492.34,0.66419,0.46748,1.00469,0.89202,0.78819,0.87403,0.58986,1.2342,0.91173,1.51933,0.00086934,0.00086934,0.00086934
292,4507.62,0.66312,0.47769,0.9972,0.96905,0.72065,0.84675,0.60212,1.18802,0.89849,1.47032,0.00086659,0.00086659,0.00086659
293,4522.89,0.64336,0.46168,0.98972,0.91936,0.77596,0.86082,0.60595,1.2189,0.85254,1.50874,0.000863839,0.000863839,0.000863839
294,4538.11,0.64549,0.453,0.98779,0.90841,0.77518,0.86789,0.58665,1.28132,0.9425,1.54733,0.000861089,0.000861089,0.000861089
295,4553.56,0.64242,0.44745,0.99229,0.91546,0.82122,0.87624,0.60805,1.27003,0.90662,1.53981,0.000858338,0.000858338,0.000858338
296,4568.97,0.63375,0.45831,0.99316,0.93115,0.76041,0.85097,0.60261,1.20638,0.94237,1.47535,0.000855588,0.000855588,0.000855588
297,4584.29,0.63647,0.455,0.99546,0.94364,0.75108,0.85039,0.59427,1.19795,0.97762,1.48436,0.000852837,0.000852837,0.000852837
298,4599.58,0.63873,0.45601,0.99894,0.92426,0.75297,0.85254,0.59156,1.20513,0.95529,1.48286,0.000850087,0.000850087,0.000850087
299,4614.93,0.65204,0.46388,1.00633,0.92325,0.81781,0.87679,0.59628,1.20957,0.89733,1.49044,0.000847336,0.000847336,0.000847336
300,4630.29,0.64328,0.45892,0.99045,0.86201,0.79591,0.86219,0.58632,1.20918,0.89209,1.49544,0.000844586,0.000844586,0.000844586
301,4645.62,0.65615,0.46468,0.99774,0.92271,0.7308,0.84319,0.58581,1.21122,0.95,1.4877,0.000841835,0.000841835,0.000841835
302,4660.88,0.64033,0.45861,0.99513,0.84597,0.76426,0.82485,0.57768,1.22407,0.97424,1.50736,0.000839084,0.000839084,0.000839084
303,4676.24,0.6467,0.46821,1.00437,0.90126,0.75822,0.85479,0.58263,1.23071,0.95515,1.5218,0.000836334,0.000836334,0.000836334
304,4691.71,0.63089,0.45298,0.98359,0.81987,0.77514,0.8424,0.58615,1.21163,0.93298,1.48915,0.000833583,0.000833583,0.000833583
305,4707.09,0.63187,0.45063,0.98777,0.96443,0.69862,0.83942,0.59628,1.19413,0.92384,1.45797,0.000830833,0.000830833,0.000830833
306,4722.51,0.60966,0.43625,0.98261,0.96439,0.71594,0.85761,0.60467,1.17764,0.89144,1.44887,0.000828082,0.000828082,0.000828082
307,4737.86,0.62413,0.44756,0.98299,0.96158,0.73223,0.8666,0.623,1.20067,0.95879,1.46871,0.000825332,0.000825332,0.000825332
308,4753.19,0.62759,0.45183,0.99219,0.97591,0.76793,0.88333,0.62292,1.20442,1.04663,1.47014,0.000822581,0.000822581,0.000822581
309,4768.39,0.6123,0.4318,0.97444,0.91386,0.77886,0.86055,0.62041,1.19802,1.01246,1.4678,0.000819831,0.000819831,0.000819831
310,4783.65,0.61297,0.42866,0.97239,0.96009,0.72591,0.85554,0.61205,1.20729,1.00134,1.45553,0.00081708,0.00081708,0.00081708
311,4799.04,0.62464,0.44052,0.98259,0.94363,0.73941,0.87189,0.61799,1.17185,0.93456,1.4206,0.000814329,0.000814329,0.000814329
312,4814.49,0.62276,0.43608,0.99174,0.88438,0.81771,0.89465,0.64749,1.17358,0.87438,1.42913,0.000811579,0.000811579,0.000811579
313,4829.88,0.59856,0.43379,0.97164,0.89667,0.77784,0.88633,0.63703,1.17339,0.85279,1.45606,0.000808828,0.000808828,0.000808828
314,4845.17,0.60898,0.43734,0.98322,0.90916,0.77515,0.87171,0.60638,1.17742,0.85547,1.46089,0.000806078,0.000806078,0.000806078
315,4860.63,0.62996,0.44961,0.98443,0.9057,0.77989,0.86124,0.60693,1.19239,0.8584,1.47953,0.000803327,0.000803327,0.000803327
316,4876.07,0.62074,0.44711,0.9833,0.95765,0.76024,0.86668,0.61185,1.1783,0.92496,1.46129,0.000800577,0.000800577,0.000800577
317,4891.41,0.60979,0.43193,0.98298,0.91174,0.7949,0.87517,0.60315,1.17917,0.86048,1.47284,0.000797826,0.000797826,0.000797826
318,4906.72,0.6052,0.42726,0.97894,0.94926,0.74868,0.85819,0.60333,1.17961,0.86266,1.50344,0.000795076,0.000795076,0.000795076
319,4922.11,0.60632,0.42949,0.9645,0.93136,0.79985,0.87828,0.61876,1.19558,0.81238,1.49362,0.000792325,0.000792325,0.000792325
320,4937.45,0.62725,0.44732,0.98027,0.90912,0.79242,0.88438,0.62982,1.20187,0.85258,1.47818,0.000789575,0.000789575,0.000789575
321,4952.77,0.61346,0.43849,0.97542,0.9062,0.78499,0.85719,0.61374,1.19654,0.96667,1.50059,0.000786824,0.000786824,0.000786824
322,4968.12,0.61218,0.44087,0.98007,0.90971,0.80966,0.87301,0.63011,1.22636,0.94318,1.53108,0.000784073,0.000784073,0.000784073
323,4983.46,0.61256,0.43135,0.98128,0.93217,0.80421,0.86861,0.61289,1.20469,0.93254,1.52353,0.000781323,0.000781323,0.000781323
324,4998.75,0.60447,0.42653,0.97065,0.91664,0.81214,0.86775,0.62225,1.1817,0.93621,1.50187,0.000778572,0.000778572,0.000778572
325,5013.93,0.59182,0.42116,0.96162,0.93079,0.80291,0.86983,0.59858,1.17663,0.95977,1.47272,0.000775822,0.000775822,0.000775822
326,5029.14,0.60288,0.4248,0.96945,0.9099,0.78135,0.87218,0.62581,1.18086,0.90072,1.45814,0.000773071,0.000773071,0.000773071
327,5044.54,0.59394,0.42544,0.97888,0.88124,0.78895,0.88942,0.63672,1.17961,0.85784,1.45278,0.000770321,0.000770321,0.000770321
328,5059.9,0.61229,0.4334,0.98628,0.85838,0.80259,0.86208,0.62103,1.16593,0.96712,1.45684,0.00076757,0.00076757,0.00076757
329,5075.22,0.59757,0.42929,0.96903,0.87675,0.78499,0.85703,0.62708,1.14917,0.98626,1.43174,0.00076482,0.00076482,0.00076482
330,5090.57,0.60721,0.42789,0.9715,0.84105,0.81022,0.88069,0.64006,1.1607,0.90167,1.44862,0.000762069,0.000762069,0.000762069
331,5105.91,0.61351,0.44024,0.98074,0.85435,0.81893,0.8879,0.62811,1.13986,0.89523,1.42968,0.000759318,0.000759318,0.000759318
332,5121.32,0.61676,0.42407,0.97312,0.90402,0.81207,0.87081,0.60133,1.16496,0.96766,1.45698,0.000756568,0.000756568,0.000756568
333,5136.61,0.60483,0.42389,0.97686,0.86953,0.81222,0.88819,0.62821,1.17238,0.88133,1.44662,0.000753817,0.000753817,0.000753817
334,5151.95,0.60637,0.43176,0.97688,0.8901,0.81302,0.88044,0.61587,1.19153,0.92159,1.46196,0.000751067,0.000751067,0.000751067
335,5167.36,0.58944,0.42422,0.96671,0.89574,0.78755,0.88412,0.61544,1.18541,0.8975,1.46727,0.000748316,0.000748316,0.000748316
336,5182.79,0.57966,0.41485,0.96522,0.92806,0.76704,0.86587,0.60692,1.16006,0.91987,1.47157,0.000745566,0.000745566,0.000745566
337,5198.17,0.58333,0.40822,0.95716,0.9308,0.74795,0.87244,0.62309,1.17182,0.953,1.46918,0.000742815,0.000742815,0.000742815
338,5213.51,0.59308,0.41539,0.97127,0.90863,0.76665,0.86909,0.62164,1.17061,0.91293,1.4793,0.000740065,0.000740065,0.000740065
339,5228.79,0.58918,0.41271,0.96534,0.95125,0.70191,0.856,0.62459,1.16536,0.91435,1.47319,0.000737314,0.000737314,0.000737314
340,5244.04,0.57794,0.39877,0.95465,0.93522,0.75937,0.87174,0.62094,1.16216,0.94744,1.46684,0.000734564,0.000734564,0.000734564
341,5259.25,0.5811,0.40515,0.9615,0.92286,0.75282,0.85928,0.61599,1.14953,0.98684,1.46422,0.000731813,0.000731813,0.000731813
342,5274.64,0.59128,0.42099,0.9659,0.89639,0.76954,0.85725,0.60671,1.14937,0.925,1.46256,0.000729062,0.000729062,0.000729062
343,5290.05,0.58354,0.42325,0.9681,0.86183,0.78747,0.85828,0.59212,1.18897,0.97813,1.48687,0.000726312,0.000726312,0.000726312
344,5305.4,0.57562,0.40974,0.96268,0.90162,0.78004,0.86307,0.59356,1.20013,0.90271,1.51643,0.000723561,0.000723561,0.000723561
345,5320.72,0.58467,0.40909,0.96391,0.94171,0.76033,0.85629,0.61039,1.2074,0.90799,1.51565,0.000720811,0.000720811,0.000720811
346,5336.06,0.58178,0.41523,0.96654,0.93142,0.79976,0.87231,0.60657,1.16988,0.89797,1.48644,0.00071806,0.00071806,0.00071806
347,5351.43,0.58974,0.41273,0.95842,0.93053,0.79571,0.86087,0.60091,1.16867,0.90259,1.48736,0.00071531,0.00071531,0.00071531
348,5366.78,0.59602,0.4242,0.97807,0.89354,0.76775,0.85243,0.61057,1.14563,0.91142,1.46812,0.000712559,0.000712559,0.000712559
349,5382.06,0.58141,0.41502,0.95802,0.88538,0.78102,0.86248,0.59865,1.15249,0.97845,1.47372,0.000709809,0.000709809,0.000709809
350,5397.42,0.57906,0.40673,0.95461,0.9461,0.73497,0.85986,0.60963,1.1664,1.04654,1.46411,0.000707058,0.000707058,0.000707058
351,5412.81,0.58865,0.42213,0.96475,0.95799,0.74116,0.87187,0.60922,1.20381,1.0224,1.49659,0.000704307,0.000704307,0.000704307
352,5428.23,0.58328,0.41704,0.96708,0.84873,0.81347,0.85476,0.59853,1.18979,1.00118,1.49815,0.000701557,0.000701557,0.000701557
353,5443.57,0.5781,0.41979,0.96301,0.95545,0.74307,0.86569,0.60657,1.16808,0.94666,1.47649,0.000698806,0.000698806,0.000698806
354,5458.92,0.55906,0.39712,0.95672,0.9456,0.76112,0.87182,0.61204,1.17965,0.975,1.47795,0.000696056,0.000696056,0.000696056
355,5474.3,0.58045,0.41428,0.9623,0.93982,0.76073,0.85968,0.60019,1.17311,0.94637,1.47538,0.000693305,0.000693305,0.000693305
356,5489.62,0.57355,0.39972,0.95818,0.89647,0.76366,0.86114,0.59804,1.15107,1.00247,1.47163,0.000690555,0.000690555,0.000690555
357,5504.84,0.5695,0.39568,0.95608,0.888,0.76338,0.84233,0.59701,1.15049,1.0792,1.45529,0.000687804,0.000687804,0.000687804
358,5520.28,0.57584,0.40517,0.963,0.83173,0.78718,0.83475,0.59817,1.1877,1.00756,1.497,0.000685054,0.000685054,0.000685054
359,5535.67,0.57356,0.40555,0.96151,0.86374,0.76528,0.83408,0.58548,1.20631,0.95936,1.51816,0.000682303,0.000682303,0.000682303
360,5551.01,0.57682,0.40579,0.95751,0.88732,0.78737,0.85612,0.59278,1.16009,0.93549,1.45805,0.000679553,0.000679553,0.000679553
361,5566.4,0.56078,0.39206,0.95485,0.85994,0.78091,0.86495,0.61085,1.11914,0.9149,1.43432,0.000676802,0.000676802,0.000676802
362,5581.85,0.57236,0.4007,0.9564,0.87753,0.79253,0.87172,0.63,1.13104,0.87395,1.43937,0.000674051,0.000674051,0.000674051
363,5597.28,0.56957,0.39617,0.96134,0.91803,0.77719,0.8839,0.6424,1.13965,0.87849,1.42575,0.000671301,0.000671301,0.000671301
364,5612.58,0.57808,0.4117,0.95959,0.90347,0.78488,0.86678,0.64135,1.14427,0.9572,1.44612,0.00066855,0.00066855,0.00066855
365,5627.9,0.5635,0.39803,0.95219,0.90388,0.7826,0.8619,0.63194,1.14531,0.92775,1.45822,0.0006658,0.0006658,0.0006658
366,5643.31,0.56634,0.40159,0.96102,0.95585,0.77466,0.87693,0.63806,1.15394,0.9326,1.45575,0.000663049,0.000663049,0.000663049
367,5658.72,0.57607,0.40369,0.96582,0.97512,0.74573,0.87128,0.621,1.15926,0.90046,1.45761,0.000660299,0.000660299,0.000660299
368,5674.12,0.56348,0.39692,0.95823,0.88192,0.77642,0.8696,0.61674,1.14418,0.92403,1.43924,0.000657548,0.000657548,0.000657548
369,5689.59,0.57363,0.40066,0.96466,0.85999,0.77628,0.86049,0.61588,1.11481,0.93345,1.42345,0.000654798,0.000654798,0.000654798
370,5704.94,0.56193,0.39771,0.95727,0.96722,0.72662,0.87416,0.6201,1.12738,0.92321,1.45442,0.000652047,0.000652047,0.000652047
371,5720.25,0.55639,0.39991,0.95748,0.95615,0.72518,0.86924,0.61251,1.12283,0.90556,1.44574,0.000649297,0.000649297,0.000649297
372,5735.55,0.56069,0.39666,0.95788,0.91627,0.7628,0.86735,0.62364,1.12426,0.89489,1.44877,0.000646546,0.000646546,0.000646546
373,5750.85,0.57799,0.40336,0.96488,0.91889,0.75677,0.87971,0.63117,1.16718,0.92586,1.47345,0.000643795,0.000643795,0.000643795
374,5766.25,0.55995,0.39945,0.95192,0.88878,0.74359,0.865,0.62464,1.16289,0.94386,1.4778,0.000641045,0.000641045,0.000641045
375,5781.64,0.56261,0.39931,0.95674,0.94473,0.75402,0.86704,0.62991,1.1641,0.96709,1.48299,0.000638294,0.000638294,0.000638294
376,5796.99,0.56912,0.39941,0.95415,0.88334,0.75154,0.85805,0.61962,1.13693,0.99013,1.44737,0.000635544,0.000635544,0.000635544
377,5812.33,0.54234,0.37606,0.94614,0.86974,0.76686,0.86358,0.62645,1.15275,0.98006,1.44932,0.000632793,0.000632793,0.000632793
378,5827.72,0.54396,0.38462,0.94969,0.91858,0.7351,0.8683,0.63295,1.15914,0.98682,1.44918,0.000630043,0.000630043,0.000630043
379,5843,0.54598,0.39648,0.95213,0.9452,0.7335,0.86184,0.63785,1.1221,0.97304,1.4167,0.000627292,0.000627292,0.000627292
380,5858.32,0.54434,0.38669,0.94284,0.93853,0.72979,0.85921,0.64401,1.12475,1.04142,1.43185,0.000624542,0.000624542,0.000624542
381,5873.65,0.55519,0.38648,0.95445,0.88152,0.76775,0.86087,0.63975,1.12573,1.0277,1.44211,0.000621791,0.000621791,0.000621791
382,5888.99,0.52667,0.37219,0.94647,0.89746,0.75836,0.85006,0.63772,1.14197,0.94856,1.44863,0.00061904,0.00061904,0.00061904
383,5904.4,0.5404,0.38458,0.94407,0.90324,0.74857,0.8529,0.63653,1.15891,0.9669,1.46028,0.00061629,0.00061629,0.00061629
384,5919.83,0.55228,0.3906,0.95368,0.89013,0.76008,0.86506,0.6458,1.15549,0.93539,1.44968,0.000613539,0.000613539,0.000613539
385,5935.2,0.53493,0.38124,0.93479,0.90052,0.78154,0.86403,0.64738,1.15176,0.9448,1.45049,0.000610789,0.000610789,0.000610789
386,5950.54,0.52808,0.37438,0.9398,0.89344,0.79065,0.86417,0.64909,1.16207,0.95533,1.44549,0.000608038,0.000608038,0.000608038
387,5965.85,0.55178,0.39085,0.95356,0.93112,0.79513,0.85761,0.63751,1.19237,0.93479,1.46378,0.000605288,0.000605288,0.000605288
388,5981.1,0.5341,0.37772,0.94515,0.9173,0.79693,0.85717,0.64627,1.15145,0.90599,1.42686,0.000602537,0.000602537,0.000602537
389,5996.48,0.54256,0.38288,0.94702,0.87197,0.80156,0.87402,0.64426,1.12796,0.89649,1.4082,0.000599787,0.000599787,0.000599787
390,6011.93,0.54501,0.38482,0.94554,0.91814,0.78412,0.8595,0.64053,1.11063,0.91436,1.40813,0.000597036,0.000597036,0.000597036
391,6027.29,0.52746,0.37077,0.93587,0.95514,0.74061,0.85285,0.64001,1.13146,0.97267,1.423,0.000594286,0.000594286,0.000594286
392,6042.63,0.53674,0.38376,0.95379,0.96312,0.72939,0.85863,0.6388,1.15023,0.99075,1.43985,0.000591535,0.000591535,0.000591535
393,6058.01,0.54898,0.38576,0.94359,0.90062,0.7844,0.86154,0.62382,1.14999,0.9332,1.463,0.000588784,0.000588784,0.000588784
394,6073.38,0.54421,0.38717,0.9483,0.894,0.79082,0.86011,0.63184,1.15607,0.93059,1.46254,0.000586034,0.000586034,0.000586034
395,6088.68,0.51913,0.36819,0.93849,0.92807,0.76121,0.85032,0.62838,1.15883,0.93941,1.45208,0.000583283,0.000583283,0.000583283
396,6103.95,0.52932,0.37409,0.93696,0.90872,0.76528,0.83499,0.62429,1.16169,0.97056,1.46324,0.000580533,0.000580533,0.000580533
397,6119.27,0.54414,0.37825,0.93931,0.90156,0.75538,0.85566,0.63529,1.15578,0.9755,1.46088,0.000577782,0.000577782,0.000577782
398,6134.72,0.52895,0.37361,0.94537,0.97418,0.72042,0.85218,0.63651,1.1455,0.94199,1.4643,0.000575032,0.000575032,0.000575032
399,6150.11,0.53661,0.37839,0.94036,0.86069,0.76775,0.82993,0.61641,1.13943,0.96351,1.45784,0.000572281,0.000572281,0.000572281
400,6165.51,0.52261,0.36787,0.93804,0.89173,0.76801,0.84433,0.62792,1.13074,1.00909,1.43717,0.000569531,0.000569531,0.000569531
401,6180.84,0.53711,0.37004,0.94293,0.8733,0.77128,0.86143,0.6377,1.11399,0.98606,1.4206,0.00056678,0.00056678,0.00056678
402,6196.16,0.53194,0.37202,0.93845,0.90974,0.73393,0.84357,0.63156,1.12062,0.99355,1.41421,0.000564029,0.000564029,0.000564029
403,6211.36,0.51709,0.36618,0.92815,0.92266,0.71382,0.85349,0.64253,1.13243,0.95637,1.44233,0.000561279,0.000561279,0.000561279
404,6226.55,0.52927,0.37316,0.94795,0.95002,0.71567,0.87731,0.64538,1.1244,0.91378,1.43172,0.000558528,0.000558528,0.000558528
405,6241.97,0.52745,0.37652,0.9364,0.93275,0.72706,0.85905,0.63511,1.11249,0.9692,1.4222,0.000555778,0.000555778,0.000555778
406,6257.46,0.53885,0.37531,0.9417,0.95187,0.71267,0.86136,0.64439,1.11895,0.97145,1.44156,0.000553027,0.000553027,0.000553027
407,6272.78,0.52587,0.38208,0.93811,0.94125,0.73319,0.8589,0.6313,1.14718,0.98021,1.45763,0.000550277,0.000550277,0.000550277
408,6288.2,0.51987,0.35869,0.93619,0.92228,0.73209,0.84973,0.63235,1.13933,0.98173,1.45516,0.000547526,0.000547526,0.000547526
409,6303.64,0.54064,0.37815,0.94881,0.9115,0.76929,0.87731,0.65254,1.12817,0.94815,1.45023,0.000544776,0.000544776,0.000544776
410,6319.04,0.51094,0.36069,0.93585,0.91439,0.76307,0.8745,0.65367,1.12458,0.90497,1.45386,0.000542025,0.000542025,0.000542025
411,6334.4,0.51727,0.36288,0.93136,0.9082,0.76472,0.87706,0.65141,1.12289,0.90403,1.45222,0.000539275,0.000539275,0.000539275
412,6349.75,0.52776,0.3713,0.93258,0.90487,0.78864,0.88342,0.65259,1.13279,0.92875,1.4589,0.000536524,0.000536524,0.000536524
413,6365.17,0.53185,0.3785,0.94766,0.90729,0.7402,0.88098,0.64626,1.13358,0.95131,1.45115,0.000533773,0.000533773,0.000533773
414,6380.63,0.52037,0.36247,0.92993,0.8858,0.72726,0.87266,0.63421,1.15047,0.94898,1.47785,0.000531023,0.000531023,0.000531023
415,6395.96,0.51828,0.36653,0.94111,0.88764,0.79134,0.88143,0.6426,1.14756,0.96818,1.45825,0.000528272,0.000528272,0.000528272
416,6411.4,0.52234,0.36627,0.9378,0.8923,0.76889,0.88007,0.65106,1.14275,0.98293,1.44531,0.000525522,0.000525522,0.000525522
417,6426.67,0.51739,0.37307,0.9334,0.89754,0.74855,0.88105,0.66015,1.12057,0.95848,1.44343,0.000522771,0.000522771,0.000522771
418,6442.03,0.5182,0.37062,0.94188,0.90998,0.77757,0.87913,0.66,1.10008,0.93942,1.43479,0.000520021,0.000520021,0.000520021
419,6457.31,0.52334,0.37391,0.94294,0.9095,0.77795,0.88078,0.65799,1.11002,0.92011,1.44195,0.00051727,0.00051727,0.00051727
420,6472.66,0.50563,0.35448,0.9342,0.9385,0.73734,0.87712,0.6477,1.10124,0.8974,1.43863,0.00051452,0.00051452,0.00051452
421,6488.18,0.50984,0.3574,0.92895,0.86977,0.75299,0.85742,0.63584,1.10937,0.90347,1.4296,0.000511769,0.000511769,0.000511769
422,6503.56,0.50781,0.35096,0.93413,0.87656,0.74489,0.85634,0.63933,1.11376,0.94836,1.4371,0.000509018,0.000509018,0.000509018
423,6518.92,0.49705,0.34955,0.92853,0.92973,0.76643,0.84962,0.63281,1.11827,0.91909,1.44257,0.000506268,0.000506268,0.000506268
424,6534.25,0.50235,0.35261,0.92794,0.96374,0.76775,0.86643,0.63805,1.13063,0.91307,1.45757,0.000503517,0.000503517,0.000503517
425,6549.66,0.50497,0.3525,0.92889,0.95957,0.76528,0.88085,0.64058,1.1222,0.90821,1.44525,0.000500767,0.000500767,0.000500767
426,6564.96,0.50175,0.35182,0.93679,0.9371,0.78995,0.87715,0.65169,1.11346,0.92104,1.44222,0.000498016,0.000498016,0.000498016
427,6580.28,0.51411,0.36216,0.92885,0.87164,0.78747,0.88001,0.65133,1.12513,0.92667,1.45476,0.000495266,0.000495266,0.000495266
428,6595.71,0.50501,0.35941,0.93065,0.90719,0.7802,0.88021,0.65988,1.11478,0.91209,1.44102,0.000492515,0.000492515,0.000492515
429,6611.12,0.51323,0.35849,0.93344,0.92438,0.77818,0.87339,0.656,1.11651,0.96597,1.43682,0.000489765,0.000489765,0.000489765
430,6626.43,0.50687,0.36205,0.93298,0.92121,0.78252,0.87296,0.64819,1.12076,0.96167,1.44116,0.000487014,0.000487014,0.000487014
431,6641.84,0.51178,0.35842,0.93616,0.89729,0.7949,0.87551,0.65025,1.10535,0.93567,1.42555,0.000484263,0.000484263,0.000484263
432,6657.24,0.50641,0.35355,0.93316,0.90062,0.76528,0.85629,0.64579,1.09316,0.93808,1.41208,0.000481513,0.000481513,0.000481513
433,6672.53,0.5036,0.35149,0.93406,0.87194,0.78961,0.86427,0.64173,1.12009,0.9311,1.43276,0.000478762,0.000478762,0.000478762
434,6687.82,0.486,0.35217,0.92175,0.899,0.79157,0.87505,0.64634,1.09844,0.90255,1.42007,0.000476012,0.000476012,0.000476012
435,6703.08,0.48971,0.33867,0.92375,0.90056,0.81743,0.8853,0.64531,1.09331,0.90876,1.40831,0.000473261,0.000473261,0.000473261
436,6718.5,0.49861,0.35379,0.92938,0.89175,0.81366,0.88418,0.65781,1.08431,0.89971,1.40662,0.000470511,0.000470511,0.000470511
437,6733.92,0.5058,0.35531,0.92787,0.92371,0.7952,0.87138,0.65552,1.06607,0.8967,1.39936,0.00046776,0.00046776,0.00046776
438,6749.28,0.51579,0.35655,0.93603,0.89957,0.7949,0.86828,0.66064,1.04822,0.89547,1.38929,0.00046501,0.00046501,0.00046501
439,6764.64,0.50416,0.36305,0.93097,0.90125,0.76536,0.86844,0.6494,1.06889,0.92087,1.40395,0.000462259,0.000462259,0.000462259
440,6780.04,0.5017,0.35098,0.93268,0.8708,0.76878,0.86232,0.6571,1.0631,0.91533,1.40355,0.000459509,0.000459509,0.000459509
441,6795.44,0.49512,0.35158,0.92316,0.93673,0.74306,0.86575,0.6625,1.0685,0.89875,1.40836,0.000456758,0.000456758,0.000456758
442,6810.84,0.48363,0.34006,0.92895,0.93454,0.75928,0.86581,0.65951,1.07358,0.87572,1.41322,0.000454007,0.000454007,0.000454007
443,6826.13,0.49681,0.34616,0.92418,0.93428,0.75531,0.86896,0.66561,1.09449,0.87186,1.43589,0.000451257,0.000451257,0.000451257
444,6841.55,0.48511,0.34386,0.92362,0.91531,0.76018,0.86359,0.66428,1.09373,0.88431,1.43193,0.000448506,0.000448506,0.000448506
445,6856.99,0.49972,0.3497,0.93266,0.91435,0.74804,0.84721,0.64751,1.09873,0.87935,1.423,0.000445756,0.000445756,0.000445756
446,6872.41,0.48921,0.34066,0.91673,0.94967,0.74024,0.86102,0.64712,1.11187,0.84836,1.43649,0.000443005,0.000443005,0.000443005
447,6887.74,0.48332,0.341,0.91465,0.93801,0.74628,0.8562,0.64107,1.10066,0.87377,1.42397,0.000440255,0.000440255,0.000440255
448,6903.08,0.48335,0.34557,0.92387,0.89232,0.77618,0.86477,0.64999,1.11116,0.88606,1.43211,0.000437504,0.000437504,0.000437504
449,6918.35,0.49389,0.34105,0.91684,0.87989,0.79664,0.8634,0.65084,1.10561,0.87019,1.42361,0.000434754,0.000434754,0.000434754
450,6933.53,0.47471,0.34096,0.91623,0.87971,0.76801,0.86848,0.65198,1.10292,0.8391,1.41853,0.000432003,0.000432003,0.000432003
451,6948.76,0.48784,0.33643,0.9217,0.85136,0.80131,0.87915,0.65324,1.10984,0.80511,1.4233,0.000429253,0.000429253,0.000429253
452,6964.25,0.48648,0.33543,0.91945,0.88383,0.79528,0.88547,0.66697,1.09592,0.81581,1.40818,0.000426502,0.000426502,0.000426502
453,6979.71,0.49579,0.35046,0.92863,0.89777,0.80172,0.8861,0.65375,1.09165,0.84094,1.41158,0.000423751,0.000423751,0.000423751
454,6995.03,0.47621,0.33136,0.91832,0.87599,0.80727,0.88276,0.66024,1.10695,0.88686,1.42204,0.000421001,0.000421001,0.000421001
455,7010.35,0.50025,0.34923,0.92928,0.88397,0.75794,0.88076,0.66769,1.1072,0.96567,1.42117,0.00041825,0.00041825,0.00041825
456,7025.73,0.48854,0.34486,0.92916,0.90127,0.75666,0.8777,0.66687,1.10633,0.94563,1.4212,0.0004155,0.0004155,0.0004155
457,7041.12,0.48104,0.33728,0.92024,0.90871,0.76277,0.88638,0.67225,1.08991,0.91642,1.40648,0.000412749,0.000412749,0.000412749
458,7056.49,0.47412,0.33788,0.9181,0.89442,0.78197,0.88546,0.67012,1.08387,0.89185,1.40434,0.000409999,0.000409999,0.000409999
459,7071.81,0.48478,0.34412,0.92544,0.89258,0.81676,0.88595,0.6739,1.07081,0.856,1.39624,0.000407248,0.000407248,0.000407248
460,7087.3,0.46746,0.32816,0.91701,0.88195,0.7825,0.88531,0.66938,1.07192,0.87498,1.39508,0.000404498,0.000404498,0.000404498
461,7102.68,0.47573,0.33924,0.91648,0.89151,0.75312,0.87656,0.6622,1.07964,0.90482,1.39919,0.000401747,0.000401747,0.000401747
462,7118.13,0.48233,0.33223,0.92625,0.88275,0.74412,0.84485,0.65798,1.08786,0.95257,1.40478,0.000398996,0.000398996,0.000398996
463,7133.44,0.48085,0.34015,0.92591,0.93995,0.70412,0.84882,0.6544,1.09661,0.95493,1.41259,0.000396246,0.000396246,0.000396246
464,7148.73,0.47574,0.33718,0.92061,0.92995,0.71749,0.85396,0.64837,1.10658,0.90826,1.42349,0.000393495,0.000393495,0.000393495
465,7164.01,0.48348,0.3364,0.92027,0.91199,0.74284,0.86634,0.65843,1.09808,0.88469,1.4282,0.000390745,0.000390745,0.000390745
466,7179.26,0.47183,0.33349,0.91769,0.92438,0.73071,0.87058,0.65091,1.09834,0.90888,1.4348,0.000387994,0.000387994,0.000387994
467,7194.61,0.46319,0.32605,0.91137,0.93633,0.75942,0.88413,0.65173,1.10831,0.90508,1.45064,0.000385244,0.000385244,0.000385244
468,7210.03,0.47688,0.33405,0.91701,0.91477,0.7736,0.87665,0.6573,1.11098,0.91811,1.45394,0.000382493,0.000382493,0.000382493
469,7225.34,0.47642,0.33332,0.91917,0.89774,0.79811,0.87672,0.65143,1.11564,0.90061,1.44829,0.000379743,0.000379743,0.000379743
470,7240.63,0.45954,0.33578,0.91357,0.90728,0.79242,0.88236,0.65761,1.12225,0.90997,1.44971,0.000376992,0.000376992,0.000376992
471,7256.01,0.46197,0.32361,0.91348,0.90805,0.77839,0.88083,0.65775,1.12989,0.92023,1.46205,0.000374242,0.000374242,0.000374242
472,7271.51,0.45323,0.32504,0.91109,0.90046,0.77318,0.88159,0.65485,1.12854,0.93325,1.46275,0.000371491,0.000371491,0.000371491
473,7286.84,0.46433,0.32577,0.91267,0.89041,0.77113,0.88538,0.653,1.11008,0.93167,1.44437,0.00036874,0.00036874,0.00036874
474,7302.12,0.46351,0.32266,0.91438,0.94372,0.74745,0.88607,0.65514,1.10494,0.92945,1.43024,0.00036599,0.00036599,0.00036599
475,7317.48,0.46812,0.32421,0.91689,0.97008,0.71489,0.88295,0.65853,1.11468,0.96448,1.44254,0.000363239,0.000363239,0.000363239
476,7332.9,0.46793,0.33187,0.91114,0.95713,0.73778,0.88298,0.65723,1.109,0.95595,1.4416,0.000360489,0.000360489,0.000360489
477,7348.31,0.46619,0.32852,0.91407,0.96052,0.716,0.88283,0.66983,1.10291,0.94027,1.43307,0.000357738,0.000357738,0.000357738
478,7363.77,0.45817,0.32163,0.90736,0.8707,0.77437,0.88306,0.66616,1.10789,0.95525,1.42836,0.000354988,0.000354988,0.000354988
479,7379.14,0.46635,0.32524,0.91997,0.9053,0.76255,0.87138,0.65515,1.10759,0.96868,1.42893,0.000352237,0.000352237,0.000352237
480,7394.47,0.46566,0.32923,0.91736,0.85968,0.77107,0.86712,0.65116,1.10616,0.97284,1.43381,0.000349487,0.000349487,0.000349487
481,7409.72,0.45762,0.3221,0.90725,0.91216,0.73226,0.86645,0.65053,1.10213,0.99564,1.42905,0.000346736,0.000346736,0.000346736
482,7424.99,0.46851,0.32882,0.91465,0.86118,0.75367,0.86477,0.64419,1.10078,0.97141,1.4272,0.000343985,0.000343985,0.000343985
483,7440.45,0.46115,0.32627,0.91368,0.93984,0.70357,0.86212,0.64398,1.10576,0.9364,1.43091,0.000341235,0.000341235,0.000341235
484,7455.92,0.4736,0.33853,0.92583,0.89383,0.75721,0.8679,0.6451,1.10178,0.90495,1.42512,0.000338484,0.000338484,0.000338484
485,7471.23,0.46147,0.33576,0.91431,0.91026,0.73316,0.86629,0.64349,1.10196,0.90711,1.42682,0.000335734,0.000335734,0.000335734
486,7486.59,0.45603,0.32969,0.91513,0.93476,0.73362,0.86938,0.64682,1.10734,0.90224,1.42712,0.000332983,0.000332983,0.000332983
487,7501.99,0.45698,0.32392,0.90991,0.89642,0.76776,0.88015,0.66361,1.08859,0.89815,1.41147,0.000330233,0.000330233,0.000330233
488,7517.35,0.4549,0.32285,0.91252,0.93086,0.74622,0.88438,0.66904,1.07569,0.9117,1.39627,0.000327482,0.000327482,0.000327482
489,7532.69,0.46916,0.33217,0.91471,0.93296,0.74756,0.87313,0.66179,1.0672,0.91847,1.38874,0.000324732,0.000324732,0.000324732
490,7548.02,0.46065,0.32432,0.90743,0.92178,0.75283,0.86616,0.65421,1.07336,0.93301,1.39183,0.000321981,0.000321981,0.000321981
491,7563.36,0.4501,0.32325,0.91193,0.95036,0.73225,0.86398,0.64967,1.08484,0.91072,1.40672,0.000319231,0.000319231,0.000319231
492,7578.75,0.4553,0.32297,0.91413,0.96629,0.71385,0.86961,0.64835,1.09066,0.93466,1.4068,0.00031648,0.00031648,0.00031648
493,7594.17,0.44989,0.31973,0.90858,0.9079,0.74556,0.86382,0.64892,1.06794,0.94444,1.39255,0.000313729,0.000313729,0.000313729
494,7609.56,0.4645,0.33282,0.91327,0.89719,0.76716,0.86212,0.65057,1.05448,0.93253,1.3835,0.000310979,0.000310979,0.000310979
495,7624.92,0.45858,0.32639,0.91391,0.88674,0.75071,0.86019,0.64371,1.05095,0.93174,1.37694,0.000308228,0.000308228,0.000308228
496,7640.26,0.45168,0.31417,0.91135,0.87998,0.76041,0.86407,0.64195,1.05879,0.94401,1.37705,0.000305478,0.000305478,0.000305478
497,7655.49,0.45933,0.32197,0.91028,0.88049,0.74611,0.85688,0.64815,1.08203,0.94514,1.40028,0.000302727,0.000302727,0.000302727
498,7670.81,0.45064,0.31505,0.90219,0.95587,0.71594,0.86201,0.6456,1.0802,0.93839,1.40608,0.000299977,0.000299977,0.000299977
499,7686.28,0.44615,0.31279,0.90826,0.89623,0.74687,0.86394,0.65059,1.08007,0.93791,1.40805,0.000297226,0.000297226,0.000297226
500,7701.58,0.46183,0.33484,0.91332,0.90801,0.77116,0.86473,0.64601,1.07192,0.92309,1.41117,0.000294476,0.000294476,0.000294476
501,7716.87,0.44032,0.31145,0.90486,0.90924,0.76893,0.86694,0.64687,1.05756,0.90024,1.40414,0.000291725,0.000291725,0.000291725
502,7732.18,0.43435,0.31485,0.90487,0.89826,0.76308,0.8651,0.64908,1.06559,0.91581,1.40942,0.000288974,0.000288974,0.000288974
503,7747.65,0.4522,0.326,0.91375,0.90107,0.74425,0.85996,0.64393,1.07195,0.92906,1.41107,0.000286224,0.000286224,0.000286224
504,7763.07,0.4501,0.3196,0.90883,0.89834,0.75671,0.84937,0.6422,1.06933,0.9142,1.40644,0.000283473,0.000283473,0.000283473
505,7778.35,0.44868,0.3212,0.91292,0.89773,0.74317,0.86303,0.64796,1.09296,0.92147,1.42459,0.000280723,0.000280723,0.000280723
506,7793.73,0.43442,0.30618,0.90432,0.961,0.71594,0.8723,0.6478,1.09668,0.91253,1.43088,0.000277972,0.000277972,0.000277972
507,7809.25,0.44958,0.31453,0.90531,0.94589,0.71974,0.87164,0.64878,1.09427,0.91186,1.43192,0.000275222,0.000275222,0.000275222
508,7824.63,0.42384,0.30373,0.90107,0.93356,0.7179,0.86633,0.65397,1.07422,0.90777,1.41184,0.000272471,0.000272471,0.000272471
509,7839.99,0.44831,0.3163,0.90715,0.89073,0.74249,0.8693,0.65374,1.07427,0.87493,1.41599,0.000269721,0.000269721,0.000269721
510,7855.28,0.4433,0.31447,0.90176,0.90101,0.75169,0.87587,0.65885,1.0683,0.84192,1.41263,0.00026697,0.00026697,0.00026697
511,7870.64,0.448,0.31656,0.91062,0.89094,0.76297,0.87346,0.65744,1.07262,0.8554,1.41303,0.00026422,0.00026422,0.00026422
512,7885.92,0.44336,0.31113,0.91468,0.90661,0.76824,0.8719,0.65285,1.08144,0.88105,1.42177,0.000261469,0.000261469,0.000261469
513,7901.17,0.44684,0.31645,0.90875,0.90766,0.75541,0.8705,0.6493,1.08325,0.88336,1.42716,0.000258718,0.000258718,0.000258718
514,7916.53,0.43564,0.30646,0.90108,0.91687,0.74969,0.87248,0.65669,1.07764,0.89063,1.42066,0.000255968,0.000255968,0.000255968
515,7932.01,0.44227,0.31384,0.91422,0.90566,0.74792,0.86985,0.65752,1.06869,0.88496,1.41491,0.000253217,0.000253217,0.000253217
516,7947.41,0.43091,0.30557,0.9087,0.91012,0.75998,0.87713,0.65368,1.07022,0.8859,1.41913,0.000250467,0.000250467,0.000250467
517,7962.71,0.43641,0.30582,0.90012,0.90643,0.74544,0.87744,0.65215,1.07318,0.87732,1.42462,0.000247716,0.000247716,0.000247716
518,7978.12,0.43445,0.30286,0.90583,0.90698,0.7362,0.8792,0.65863,1.07825,0.89224,1.43008,0.000244966,0.000244966,0.000244966
519,7993.51,0.4412,0.30979,0.90647,0.88793,0.73189,0.87775,0.66242,1.07687,0.90767,1.42707,0.000242215,0.000242215,0.000242215
520,8008.79,0.42504,0.29894,0.90032,0.9181,0.71762,0.87926,0.66124,1.07528,0.90635,1.42557,0.000239465,0.000239465,0.000239465
521,8024.08,0.43549,0.30301,0.89746,0.9277,0.71516,0.85308,0.65143,1.07993,0.93441,1.43338,0.000236714,0.000236714,0.000236714
522,8039.42,0.43799,0.30399,0.90604,0.92902,0.72039,0.85274,0.64934,1.07295,0.93666,1.43006,0.000233963,0.000233963,0.000233963
523,8054.87,0.42563,0.29843,0.89697,0.92652,0.72686,0.84483,0.65143,1.06084,0.92558,1.42364,0.000231213,0.000231213,0.000231213
524,8070.3,0.42187,0.30043,0.89932,0.91978,0.72841,0.8473,0.65439,1.05956,0.91682,1.42874,0.000228462,0.000228462,0.000228462
525,8085.73,0.42704,0.30366,0.90209,0.92087,0.73092,0.857,0.65156,1.06079,0.92085,1.42731,0.000225712,0.000225712,0.000225712
526,8101.05,0.43589,0.30915,0.89721,0.90845,0.73149,0.85637,0.65268,1.05974,0.90957,1.42093,0.000222961,0.000222961,0.000222961
527,8116.43,0.43363,0.31006,0.90627,0.90772,0.72527,0.86015,0.65635,1.06012,0.89597,1.42131,0.000220211,0.000220211,0.000220211
528,8131.66,0.42665,0.3042,0.89944,0.92327,0.7185,0.86764,0.6544,1.05734,0.86896,1.41308,0.00021746,0.00021746,0.00021746
529,8146.85,0.42552,0.30461,0.89567,0.96054,0.69128,0.87469,0.66473,1.05651,0.88426,1.4111,0.00021471,0.00021471,0.00021471
530,8162.28,0.42009,0.29949,0.89926,0.95954,0.69128,0.87705,0.66576,1.05854,0.88514,1.41356,0.000211959,0.000211959,0.000211959
531,8177.88,0.43194,0.31088,0.91021,0.90459,0.73947,0.8797,0.67011,1.0597,0.86547,1.41101,0.000209209,0.000209209,0.000209209
532,8193.25,0.41764,0.30045,0.89467,0.90261,0.74516,0.87991,0.6777,1.0633,0.86728,1.40967,0.000206458,0.000206458,0.000206458
533,8208.64,0.41809,0.29854,0.89592,0.89985,0.74674,0.87647,0.6708,1.06603,0.88527,1.40665,0.000203707,0.000203707,0.000203707
534,8224.11,0.43782,0.30794,0.90745,0.91137,0.74069,0.87395,0.67467,1.06843,0.90585,1.40629,0.000200957,0.000200957,0.000200957
535,8239.52,0.42777,0.30301,0.90224,0.91667,0.75028,0.8743,0.67029,1.05381,0.91659,1.39689,0.000198206,0.000198206,0.000198206
536,8254.85,0.42096,0.30015,0.8964,0.90574,0.73718,0.87455,0.66405,1.04841,0.91299,1.3981,0.000195456,0.000195456,0.000195456
537,8270.13,0.42389,0.29848,0.89581,0.88782,0.74056,0.87365,0.66815,1.03436,0.88652,1.38747,0.000192705,0.000192705,0.000192705
538,8285.58,0.43353,0.30253,0.90721,0.90349,0.75794,0.87697,0.67064,1.04525,0.87421,1.39835,0.000189955,0.000189955,0.000189955
539,8300.99,0.42666,0.30104,0.90221,0.88922,0.75083,0.87408,0.66303,1.06653,0.87049,1.41898,0.000187204,0.000187204,0.000187204
540,8316.39,0.4298,0.30149,0.90529,0.90423,0.74271,0.87061,0.66336,1.06805,0.87722,1.41415,0.000184454,0.000184454,0.000184454
541,8331.73,0.42307,0.30023,0.89962,0.94584,0.72248,0.87222,0.66389,1.06828,0.88396,1.4087,0.000181703,0.000181703,0.000181703
542,8347.05,0.42624,0.29849,0.90031,0.91919,0.72667,0.87481,0.66109,1.06881,0.88444,1.4076,0.000178952,0.000178952,0.000178952
543,8362.38,0.41713,0.29467,0.89406,0.92203,0.72723,0.87654,0.65941,1.05885,0.85972,1.39973,0.000176202,0.000176202,0.000176202
544,8377.58,0.42351,0.29936,0.8988,0.93798,0.72924,0.88956,0.66764,1.0546,0.871,1.39963,0.000173451,0.000173451,0.000173451
545,8392.89,0.42553,0.29887,0.90294,0.90732,0.7185,0.88105,0.66526,1.03562,0.87921,1.3891,0.000170701,0.000170701,0.000170701
546,8408.31,0.40508,0.29553,0.89469,0.91378,0.72593,0.88085,0.66316,1.03104,0.87703,1.38957,0.00016795,0.00016795,0.00016795
547,8423.65,0.41512,0.29623,0.89243,0.89948,0.72346,0.86844,0.66289,1.05187,0.87012,1.40589,0.0001652,0.0001652,0.0001652
548,8439,0.41673,0.29472,0.89942,0.90524,0.7311,0.87659,0.67255,1.04907,0.84815,1.40865,0.000162449,0.000162449,0.000162449
549,8454.3,0.41227,0.29084,0.89157,0.92368,0.74244,0.87445,0.68235,1.04925,0.85771,1.40863,0.000159699,0.000159699,0.000159699
550,8469.77,0.41908,0.29104,0.89429,0.90647,0.74284,0.86476,0.68293,1.04671,0.86101,1.40552,0.000156948,0.000156948,0.000156948
551,8485.13,0.41368,0.29101,0.89074,0.89073,0.75325,0.86213,0.67487,1.03843,0.86121,1.39803,0.000154198,0.000154198,0.000154198
552,8500.43,0.41038,0.2932,0.8969,0.89199,0.75076,0.86325,0.67257,1.03635,0.86934,1.39902,0.000151447,0.000151447,0.000151447
553,8515.77,0.40535,0.28662,0.88666,0.89169,0.74846,0.86302,0.6729,1.03638,0.87127,1.39891,0.000148696,0.000148696,0.000148696
554,8531.1,0.40727,0.28848,0.89504,0.89462,0.74924,0.86386,0.67296,1.04028,0.86831,1.40226,0.000145946,0.000145946,0.000145946
555,8546.59,0.41742,0.29035,0.8868,0.89796,0.75355,0.86871,0.66999,1.03836,0.86466,1.39716,0.000143195,0.000143195,0.000143195
556,8561.97,0.41607,0.29367,0.89562,0.89369,0.7504,0.86688,0.67034,1.03896,0.862,1.39867,0.000140445,0.000140445,0.000140445
557,8577.27,0.3972,0.28979,0.89472,0.88735,0.73686,0.86599,0.66981,1.04221,0.87246,1.40118,0.000137694,0.000137694,0.000137694
558,8592.6,0.4049,0.28423,0.89459,0.88862,0.73487,0.86557,0.6667,1.03997,0.87324,1.39791,0.000134944,0.000134944,0.000134944
559,8607.82,0.41412,0.29143,0.89487,0.8909,0.73457,0.8685,0.6723,1.03441,0.86635,1.39422,0.000132193,0.000132193,0.000132193
560,8623.08,0.39792,0.28432,0.89569,0.90831,0.73539,0.87201,0.67101,1.03502,0.86238,1.39652,0.000129443,0.000129443,0.000129443
561,8638.49,0.40517,0.29293,0.89587,0.91182,0.73448,0.87057,0.67313,1.03698,0.87222,1.39893,0.000126692,0.000126692,0.000126692
562,8653.82,0.40123,0.28927,0.88684,0.9188,0.73698,0.87236,0.67147,1.03512,0.87353,1.39798,0.000123941,0.000123941,0.000123941
563,8669.14,0.40783,0.29239,0.89551,0.91807,0.73706,0.8738,0.67588,1.03971,0.8752,1.40453,0.000121191,0.000121191,0.000121191
564,8684.49,0.39996,0.28212,0.89819,0.92315,0.73918,0.87311,0.67743,1.03452,0.87685,1.40014,0.00011844,0.00011844,0.00011844
565,8699.84,0.40315,0.28741,0.89454,0.92312,0.73882,0.8704,0.66953,1.03653,0.87454,1.40198,0.00011569,0.00011569,0.00011569
566,8715.18,0.40679,0.28469,0.89376,0.92316,0.73934,0.87075,0.66431,1.04097,0.87055,1.40494,0.000112939,0.000112939,0.000112939
567,8730.54,0.41045,0.2881,0.89403,0.92114,0.73991,0.87885,0.67479,1.04482,0.86357,1.40564,0.000110189,0.000110189,0.000110189
568,8745.84,0.40649,0.29241,0.89208,0.90566,0.72841,0.8775,0.67422,1.04515,0.85354,1.40453,0.000107438,0.000107438,0.000107438
569,8761.22,0.40949,0.28583,0.89536,0.89998,0.7237,0.87235,0.66846,1.04135,0.85954,1.39668,0.000104688,0.000104688,0.000104688
570,8776.61,0.4006,0.284,0.89077,0.89984,0.72593,0.87428,0.66974,1.04256,0.86288,1.39668,0.000101937,0.000101937,0.000101937
571,8792.02,0.40389,0.28392,0.88765,0.91948,0.73194,0.8665,0.66758,1.04615,0.87202,1.39405,9.91865e-05,9.91865e-05,9.91865e-05
572,8807.47,0.40623,0.29295,0.89217,0.89547,0.72346,0.87211,0.66686,1.04198,0.87277,1.38877,9.6436e-05,9.6436e-05,9.6436e-05
573,8822.74,0.40994,0.28853,0.89545,0.91293,0.72346,0.87469,0.67204,1.045,0.88341,1.38966,9.36854e-05,9.36854e-05,9.36854e-05
574,8838.09,0.4013,0.28525,0.88824,0.91595,0.72098,0.86693,0.66841,1.04485,0.89155,1.38958,9.09349e-05,9.09349e-05,9.09349e-05
575,8853.31,0.39903,0.29091,0.8937,0.91849,0.72255,0.86321,0.67497,1.04789,0.88723,1.39315,8.81843e-05,8.81843e-05,8.81843e-05
576,8868.59,0.40229,0.28883,0.88943,0.92173,0.72498,0.86639,0.66866,1.04761,0.88324,1.39402,8.54337e-05,8.54337e-05,8.54337e-05
577,8883.98,0.39858,0.28331,0.89168,0.92081,0.72444,0.8659,0.66802,1.04618,0.88442,1.39306,8.26832e-05,8.26832e-05,8.26832e-05
578,8899.37,0.40225,0.29236,0.89247,0.92298,0.71603,0.86573,0.66905,1.04135,0.88742,1.38748,7.99326e-05,7.99326e-05,7.99326e-05
579,8914.73,0.38906,0.27685,0.88941,0.9433,0.73147,0.85348,0.6715,1.04421,0.88873,1.38993,7.71821e-05,7.71821e-05,7.71821e-05
580,8930.04,0.39351,0.27845,0.88839,0.92272,0.71607,0.85382,0.66275,1.04655,0.89255,1.39429,7.44316e-05,7.44316e-05,7.44316e-05
581,8945.38,0.40159,0.28529,0.89466,0.92605,0.7183,0.85465,0.66524,1.04722,0.89429,1.39482,7.1681e-05,7.1681e-05,7.1681e-05
582,8960.79,0.39881,0.28172,0.8923,0.92486,0.71787,0.84841,0.66707,1.04631,0.88446,1.39569,6.89304e-05,6.89304e-05,6.89304e-05
583,8976.06,0.38725,0.28558,0.88879,0.92488,0.71751,0.84943,0.66735,1.04475,0.87069,1.39553,6.61799e-05,6.61799e-05,6.61799e-05
584,8991.47,0.39711,0.28423,0.89063,0.92495,0.71811,0.84736,0.66259,1.04833,0.87489,1.39931,6.34293e-05,6.34293e-05,6.34293e-05
585,9006.74,0.39988,0.2869,0.8917,0.92561,0.7185,0.84912,0.66483,1.04539,0.873,1.39565,6.06788e-05,6.06788e-05,6.06788e-05
586,9022.11,0.40132,0.28548,0.89011,0.92504,0.7185,0.84901,0.66656,1.04669,0.8822,1.39558,5.79283e-05,5.79283e-05,5.79283e-05
587,9037.5,0.38673,0.27495,0.88771,0.92258,0.71603,0.84678,0.66367,1.04528,0.88219,1.39379,5.51777e-05,5.51777e-05,5.51777e-05
588,9052.9,0.38952,0.27991,0.8862,0.92455,0.7185,0.8385,0.66109,1.04186,0.87863,1.39052,5.24271e-05,5.24271e-05,5.24271e-05
589,9068.21,0.40209,0.28238,0.89635,0.9212,0.72098,0.8381,0.66408,1.03946,0.88376,1.38856,4.96766e-05,4.96766e-05,4.96766e-05
590,9083.49,0.40445,0.28409,0.89354,0.91697,0.72098,0.85001,0.66525,1.03842,0.88291,1.38927,4.6926e-05,4.6926e-05,4.6926e-05
591,9119.18,0.34541,0.22897,0.83709,0.92224,0.72201,0.84281,0.66408,1.04107,0.87863,1.39434,4.41755e-05,4.41755e-05,4.41755e-05
592,9134.66,0.3505,0.22718,0.84285,0.93998,0.73672,0.84611,0.66012,1.04701,0.88746,1.39916,4.1425e-05,4.1425e-05,4.1425e-05
593,9149.99,0.33496,0.22388,0.84861,0.93544,0.73361,0.84398,0.65721,1.0491,0.89569,1.40205,3.86744e-05,3.86744e-05,3.86744e-05
594,9165.29,0.32377,0.21901,0.83592,0.93659,0.73322,0.84156,0.65285,1.05028,0.90151,1.40309,3.59239e-05,3.59239e-05,3.59239e-05
595,9180.64,0.32355,0.21417,0.83278,0.93566,0.73293,0.84281,0.65464,1.05195,0.90607,1.40343,3.31733e-05,3.31733e-05,3.31733e-05
596,9196.03,0.31886,0.21187,0.82807,0.94673,0.72926,0.84798,0.65221,1.054,0.91296,1.40614,3.04227e-05,3.04227e-05,3.04227e-05
597,9211.28,0.31783,0.21275,0.83259,0.94144,0.7308,0.8428,0.65222,1.0574,0.9241,1.40936,2.76722e-05,2.76722e-05,2.76722e-05
598,9226.52,0.33011,0.21983,0.84756,0.91583,0.7308,0.84376,0.65235,1.05863,0.91761,1.40935,2.49217e-05,2.49217e-05,2.49217e-05
599,9241.82,0.32663,0.21563,0.83993,0.92124,0.72875,0.84453,0.65078,1.06119,0.91864,1.41242,2.21711e-05,2.21711e-05,2.21711e-05
600,9257.11,0.31733,0.20728,0.82695,0.91925,0.72832,0.84384,0.65141,1.06325,0.91751,1.41388,1.94206e-05,1.94206e-05,1.94206e-05
